{
  "set_id": "set-612327196aa9",
  "obligations": [
    {
      "obligation_id": "obl-612327196aa9-0",
      "change": {
        "path": "frontend/components/primitives/panel/panel.tsx",
        "change_type": "modified",
        "symbol": null,
        "old_path": null,
        "source_paths": [
          "frontend/components/primitives/panel/panel.tsx",
          "frontend/lib/hooks/use-accounts.ts"
        ],
        "primary_source_path": "frontend/components/primitives/panel/panel.tsx"
      },
      "capability": {
        "capability_id": "account-engine",
        "authority": "ControlPlanePlanner",
        "severity": "required",
        "description": ""
      },
      "requirement": {
        "requirement_id": "req-612327196aa9-0",
        "capability_id": "account-engine",
        "obligation_kind": "property",
        "rationale": "Directly affected by change",
        "severity": "required",
        "target": "property"
      },
      "disposition": "open",
      "task_id": "task-0001",
      "evidence": [],
      "reasons": [
        "Directly affected by change"
      ],
      "created_at": "2026-09-20T10:59:15.665227+00:00",
      "closed_at": null,
      "fingerprint": "d7371987d183f8f265c6d72b8d5d1e79c405e0a2760e5d713b0cfa31a30327b1"
    },
    {
      "obligation_id": "obl-612327196aa9-1",
      "change": {
        "path": "frontend/components/primitives/panel/panel.tsx",
        "change_type": "modified",
        "symbol": null,
        "old_path": null,
        "source_paths": [
          "frontend/components/primitives/panel/panel.tsx",
          "frontend/lib/hooks/use-accounts.ts"
        ],
        "primary_source_path": "frontend/components/primitives/panel/panel.tsx"
      },
      "capability": {
        "capability_id": "account-engine",
        "authority": "ControlPlanePlanner",
        "severity": "required",
        "description": ""
      },
      "requirement": {
        "requirement_id": "req-612327196aa9-1",
        "capability_id": "account-engine",
        "obligation_kind": "contract",
        "rationale": "Directly affected by change",
        "severity": "required",
        "target": "contracts"
      },
      "disposition": "open",
      "task_id": "task-0002",
      "evidence": [],
      "reasons": [
        "Directly affected by change"
      ],
      "created_at": "2026-09-20T10:59:15.665267+00:00",
      "closed_at": null,
      "fingerprint": "d8be2aee695c05e1c33a52a90d66d908773f334399847026edb7a74c05276a42"
    },
    {
      "obligation_id": "obl-612327196aa9-2",
      "change": {
        "path": "frontend/components/primitives/panel/panel.tsx",
        "change_type": "modified",
        "symbol": null,
        "old_path": null,
        "source_paths": [
          "frontend/components/primitives/panel/panel.tsx",
          "frontend/lib/hooks/use-accounts.ts"
        ],
        "primary_source_path": "frontend/components/primitives/panel/panel.tsx"
      },
      "capability": {
        "capability_id": "account-engine",
        "authority": "ControlPlanePlanner",
        "severity": "required",
        "description": ""
      },
      "requirement": {
        "requirement_id": "req-612327196aa9-2",
        "capability_id": "account-engine",
        "obligation_kind": "unit",
        "rationale": "Directly affected by change",
        "severity": "required",
        "target": "backend"
      },
      "disposition": "open",
      "task_id": "task-0003",
      "evidence": [],
      "reasons": [
        "Directly affected by change"
      ],
      "created_at": "2026-09-20T10:59:15.665293+00:00",
      "closed_at": null,
      "fingerprint": "74a3517e6b8edf0434450ce9a5f57e60f7812761c596092ab6e4e288ab512366"
    },
    {
      "obligation_id": "obl-612327196aa9-3",
      "change": {
        "path": "frontend/components/primitives/panel/panel.tsx",
        "change_type": "modified",
        "symbol": null,
        "old_path": null,
        "source_paths": [
          "frontend/components/primitives/panel/panel.tsx",
          "frontend/lib/hooks/use-accounts.ts"
        ],
        "primary_source_path": "frontend/components/primitives/panel/panel.tsx"
      },
      "capability": {
        "capability_id": "account-engine",
        "authority": "ControlPlanePlanner",
        "severity": "required",
        "description": ""
      },
      "requirement": {
        "requirement_id": "req-612327196aa9-3",
        "capability_id": "account-engine",
        "obligation_kind": "unit",
        "rationale": "Directly affected by change",
        "severity": "required",
        "target": "run_property_tests"
      },
      "disposition": "open",
      "task_id": "task-0004",
      "evidence": [],
      "reasons": [
        "Directly affected by change"
      ],
      "created_at": "2026-09-20T10:59:15.665327+00:00",
      "closed_at": null,
      "fingerprint": "e0ac7d580cb6f5d032c4517b9f3c71f9614a1391c8187426e3952dde21ffdfa8"
    },
    {
      "obligation_id": "obl-612327196aa9-4",
      "change": {
        "path": "frontend/components/primitives/panel/panel.tsx",
        "change_type": "modified",
        "symbol": null,
        "old_path": null,
        "source_paths": [
          "frontend/components/primitives/panel/panel.tsx",
          "frontend/lib/hooks/use-accounts.ts"
        ],
        "primary_source_path": "frontend/components/primitives/panel/panel.tsx"
      },
      "capability": {
        "capability_id": "account-engine",
        "authority": "ControlPlanePlanner",
        "severity": "required",
        "description": ""
      },
      "requirement": {
        "requirement_id": "req-612327196aa9-4",
        "capability_id": "account-engine",
        "obligation_kind": "unit",
        "rationale": "Directly affected by change",
        "severity": "required",
        "target": "run_contract_tests"
      },
      "disposition": "open",
      "task_id": "task-0005",
      "evidence": [],
      "reasons": [
        "Directly affected by change"
      ],
      "created_at": "2026-09-20T10:59:15.665349+00:00",
      "closed_at": null,
      "fingerprint": "0b573fca2b9e11fcf80361f5e5c09550992f977817d4e990e73a5d96715df513"
    },
    {
      "obligation_id": "obl-612327196aa9-5",
      "change": {
        "path": "frontend/components/primitives/panel/panel.tsx",
        "change_type": "modified",
        "symbol": null,
        "old_path": null,
        "source_paths": [
          "frontend/components/primitives/panel/panel.tsx",
          "frontend/lib/hooks/use-accounts.ts"
        ],
        "primary_source_path": "frontend/components/primitives/panel/panel.tsx"
      },
      "capability": {
        "capability_id": "account-engine",
        "authority": "ControlPlanePlanner",
        "severity": "required",
        "description": ""
      },
      "requirement": {
        "requirement_id": "req-612327196aa9-5",
        "capability_id": "account-engine",
        "obligation_kind": "unit",
        "rationale": "Directly affected by change",
        "severity": "required",
        "target": "run_backend_verification"
      },
      "disposition": "open",
      "task_id": "task-0006",
      "evidence": [],
      "reasons": [
        "Directly affected by change"
      ],
      "created_at": "2026-09-20T10:59:15.665369+00:00",
      "closed_at": null,
      "fingerprint": "2f73f0bfe9727aa234f95259e09f715e46b4a868dc78df6884381ff0e0928538"
    },
    {
      "obligation_id": "obl-612327196aa9-6",
      "change": {
        "path": "frontend/components/primitives/panel/panel.tsx",
        "change_type": "modified",
        "symbol": null,
        "old_path": null,
        "source_paths": [
          "frontend/components/primitives/panel/panel.tsx",
          "frontend/lib/hooks/use-accounts.ts"
        ],
        "primary_source_path": "frontend/components/primitives/panel/panel.tsx"
      },
      "capability": {
        "capability_id": "account-engine",
        "authority": "ControlPlanePlanner",
        "severity": "required",
        "description": ""
      },
      "requirement": {
        "requirement_id": "req-612327196aa9-6",
        "capability_id": "account-engine",
        "obligation_kind": "unit",
        "rationale": "Directly affected by change",
        "severity": "required",
        "target": "run_fast_checks"
      },
      "disposition": "open",
      "task_id": "task-0007",
      "evidence": [],
      "reasons": [
        "Directly affected by change"
      ],
      "created_at": "2026-09-20T10:59:15.665387+00:00",
      "closed_at": null,
      "fingerprint": "13211eb8f84b59302a4dc4c40bc3b7a9aaa9f27b4b56d1b8795a961f1b35f649"
    },
    {
      "obligation_id": "obl-612327196aa9-7",
      "change": {
        "path": "backend/src/api.py",
        "change_type": "modified",
        "symbol": null,
        "old_path": null,
        "source_paths": [
          "backend/src/api.py",
          "backend/src/core/dtos/account_dto.py",
          "backend/src/core/dtos/accounts_dto.py",
          "backend/src/core/dtos/analytics_dto.py",
          "backend/src/core/dtos/behaviour_dto.py",
          "backend/src/core/dtos/cashflow_dto.py",
          "backend/src/core/dtos/credit_cards_dto.py",
          "backend/src/core/dtos/dashboard_dto.py",
          "backend/src/core/dtos/forecast_dto.py",
          "backend/src/core/dtos/investments_dto.py",
          "backend/src/core/dtos/loans_dto.py",
          "backend/src/core/dtos/net_worth_dto.py",
          "backend/src/core/dtos/reconciliation_dto.py",
          "backend/src/core/dtos/statement_dto.py",
          "backend/src/core/dtos/transaction_dto.py",
          "backend/src/core/mappers/transaction_mapper.py",
          "backend/src/engines/financial_intelligence/goal_planner.py",
          "backend/src/engines/financial_intelligence/intelligence.py",
          "backend/src/engines/financial_intelligence/optimization.py",
          "backend/src/engines/loan_engine/emi.py",
          "backend/src/engines/loan_engine/prepayment.py",
          "backend/src/engines/test_rem_ediation_probe.py",
          "backend/src/engines/transaction_intelligence/cash_conversion_detector.py",
          "backend/src/extraction/camelot_extractor.py",
          "backend/src/extraction/hybrid_extractor.py",
          "backend/src/extraction/statement_extractor.py",
          "backend/src/routers/platform.py",
          "backend/src/routers/reconciliation.py",
          "backend/src/routers/transactions.py",
          "backend/src/services/behaviour_service.py",
          "backend/src/services/dashboard_service.py",
          "backend/src/services/transaction_service.py",
          "backend/src/startup.py",
          "backend/src/stubs/camelot/__init__.pyi",
          "backend/src/stubs/camelot/core.pyi",
          "backend/src/stubs/py.typed",
          "backend/src/stubs/runtime/__init__.pyi",
          "backend/src/stubs/runtime/platform/__init__.pyi",
          "backend/src/stubs/runtime/platform/ai/__init__.pyi",
          "backend/src/stubs/runtime/platform/ai/agents.pyi",
          "backend/src/stubs/runtime/platform/ai/config.pyi",
          "backend/src/stubs/runtime/platform/ai/context.pyi",
          "backend/src/stubs/runtime/platform/ai/intent.pyi",
          "backend/src/stubs/runtime/platform/ai/memory.pyi",
          "backend/src/stubs/runtime/platform/ai/orchestrator.pyi",
          "backend/src/stubs/runtime/platform/ai/planner.pyi",
          "backend/src/stubs/runtime/platform/ai/policy.pyi",
          "backend/src/stubs/runtime/platform/ai/providers.pyi",
          "backend/src/stubs/runtime/platform/ai/runs.pyi",
          "backend/src/stubs/runtime/platform/ai/tools.pyi",
          "backend/src/stubs/runtime/platform/api/__init__.pyi",
          "backend/src/stubs/runtime/platform/api/contracts/__init__.pyi",
          "backend/src/stubs/runtime/platform/api/contracts/ai.pyi",
          "backend/src/stubs/runtime/platform/api/contracts/context.pyi",
          "backend/src/stubs/runtime/platform/api/contracts/diagnostics.pyi",
          "backend/src/stubs/runtime/platform/api/contracts/health.pyi",
          "backend/src/stubs/runtime/platform/api/envelope.pyi",
          "backend/src/stubs/runtime/platform/api/errors.pyi",
          "backend/src/stubs/runtime/platform/api/services/__init__.pyi",
          "backend/src/stubs/runtime/platform/api/services/_helpers.pyi",
          "backend/src/stubs/runtime/platform/api/services/application.pyi",
          "backend/src/stubs/runtime/platform/api/services/architecture.pyi",
          "backend/src/stubs/runtime/platform/api/services/capabilities.pyi",
          "backend/src/stubs/runtime/platform/api/services/change.pyi",
          "backend/src/stubs/runtime/platform/api/services/cross_layer.pyi",
          "backend/src/stubs/runtime/platform/api/services/errors.pyi",
          "backend/src/stubs/runtime/platform/api/services/events.pyi",
          "backend/src/stubs/runtime/platform/api/services/evidence.pyi",
          "backend/src/stubs/runtime/platform/api/services/executions.pyi",
          "backend/src/stubs/runtime/platform/api/services/framework_integrity.pyi",
          "backend/src/stubs/runtime/platform/api/services/health.pyi",
          "backend/src/stubs/runtime/platform/api/services/history.pyi",
          "backend/src/stubs/runtime/platform/api/services/tasks.pyi",
          "backend/src/stubs/runtime/platform/api/services/tasks_write.pyi",
          "backend/src/stubs/runtime/platform/api/services/verification.pyi",
          "backend/src/stubs/runtime/platform/api/services/verification_write.pyi",
          "backend/src/stubs/runtime/platform/cache.pyi",
          "backend/src/stubs/runtime/platform/diagnostics/__init__.pyi",
          "backend/src/stubs/runtime/platform/diagnostics/engine.pyi",
          "backend/src/stubs/runtime/system/__init__.pyi",
          "backend/src/stubs/runtime/system/observability/__init__.pyi",
          "backend/src/stubs/runtime/system/observability/event_store.pyi"
        ],
        "primary_source_path": "backend/src/api.py"
      },
      "capability": {
        "capability_id": "api-contracts",
        "authority": "ControlPlanePlanner",
        "severity": "required",
        "description": ""
      },
      "requirement": {
        "requirement_id": "req-612327196aa9-7",
        "capability_id": "api-contracts",
        "obligation_kind": "contract",
        "rationale": "Directly affected by change",
        "severity": "required",
        "target": "contracts"
      },
      "disposition": "open",
      "task_id": "task-0001",
      "evidence": [],
      "reasons": [
        "Directly affected by change"
      ],
      "created_at": "2026-09-20T10:59:15.665405+00:00",
      "closed_at": null,
      "fingerprint": "fed3328d63d16d5b9b0d024053976a90183b437d005d0d8e75176b6d05af0529"
    },
    {
      "obligation_id": "obl-612327196aa9-8",
      "change": {
        "path": "backend/src/api.py",
        "change_type": "modified",
        "symbol": null,
        "old_path": null,
        "source_paths": [
          "backend/src/api.py",
          "backend/src/core/dtos/account_dto.py",
          "backend/src/core/dtos/accounts_dto.py",
          "backend/src/core/dtos/analytics_dto.py",
          "backend/src/core/dtos/behaviour_dto.py",
          "backend/src/core/dtos/cashflow_dto.py",
          "backend/src/core/dtos/credit_cards_dto.py",
          "backend/src/core/dtos/dashboard_dto.py",
          "backend/src/core/dtos/forecast_dto.py",
          "backend/src/core/dtos/investments_dto.py",
          "backend/src/core/dtos/loans_dto.py",
          "backend/src/core/dtos/net_worth_dto.py",
          "backend/src/core/dtos/reconciliation_dto.py",
          "backend/src/core/dtos/statement_dto.py",
          "backend/src/core/dtos/transaction_dto.py",
          "backend/src/core/mappers/transaction_mapper.py",
          "backend/src/engines/financial_intelligence/goal_planner.py",
          "backend/src/engines/financial_intelligence/intelligence.py",
          "backend/src/engines/financial_intelligence/optimization.py",
          "backend/src/engines/loan_engine/emi.py",
          "backend/src/engines/loan_engine/prepayment.py",
          "backend/src/engines/test_rem_ediation_probe.py",
          "backend/src/engines/transaction_intelligence/cash_conversion_detector.py",
          "backend/src/extraction/camelot_extractor.py",
          "backend/src/extraction/hybrid_extractor.py",
          "backend/src/extraction/statement_extractor.py",
          "backend/src/routers/platform.py",
          "backend/src/routers/reconciliation.py",
          "backend/src/routers/transactions.py",
          "backend/src/services/behaviour_service.py",
          "backend/src/services/dashboard_service.py",
          "backend/src/services/transaction_service.py",
          "backend/src/startup.py",
          "backend/src/stubs/camelot/__init__.pyi",
          "backend/src/stubs/camelot/core.pyi",
          "backend/src/stubs/py.typed",
          "backend/src/stubs/runtime/__init__.pyi",
          "backend/src/stubs/runtime/platform/__init__.pyi",
          "backend/src/stubs/runtime/platform/ai/__init__.pyi",
          "backend/src/stubs/runtime/platform/ai/agents.pyi",
          "backend/src/stubs/runtime/platform/ai/config.pyi",
          "backend/src/stubs/runtime/platform/ai/context.pyi",
          "backend/src/stubs/runtime/platform/ai/intent.pyi",
          "backend/src/stubs/runtime/platform/ai/memory.pyi",
          "backend/src/stubs/runtime/platform/ai/orchestrator.pyi",
          "backend/src/stubs/runtime/platform/ai/planner.pyi",
          "backend/src/stubs/runtime/platform/ai/policy.pyi",
          "backend/src/stubs/runtime/platform/ai/providers.pyi",
          "backend/src/stubs/runtime/platform/ai/runs.pyi",
          "backend/src/stubs/runtime/platform/ai/tools.pyi",
          "backend/src/stubs/runtime/platform/api/__init__.pyi",
          "backend/src/stubs/runtime/platform/api/contracts/__init__.pyi",
          "backend/src/stubs/runtime/platform/api/contracts/ai.pyi",
          "backend/src/stubs/runtime/platform/api/contracts/context.pyi",
          "backend/src/stubs/runtime/platform/api/contracts/diagnostics.pyi",
          "backend/src/stubs/runtime/platform/api/contracts/health.pyi",
          "backend/src/stubs/runtime/platform/api/envelope.pyi",
          "backend/src/stubs/runtime/platform/api/errors.pyi",
          "backend/src/stubs/runtime/platform/api/services/__init__.pyi",
          "backend/src/stubs/runtime/platform/api/services/_helpers.pyi",
          "backend/src/stubs/runtime/platform/api/services/application.pyi",
          "backend/src/stubs/runtime/platform/api/services/architecture.pyi",
          "backend/src/stubs/runtime/platform/api/services/capabilities.pyi",
          "backend/src/stubs/runtime/platform/api/services/change.pyi",
          "backend/src/stubs/runtime/platform/api/services/cross_layer.pyi",
          "backend/src/stubs/runtime/platform/api/services/errors.pyi",
          "backend/src/stubs/runtime/platform/api/services/events.pyi",
          "backend/src/stubs/runtime/platform/api/services/evidence.pyi",
          "backend/src/stubs/runtime/platform/api/services/executions.pyi",
          "backend/src/stubs/runtime/platform/api/services/framework_integrity.pyi",
          "backend/src/stubs/runtime/platform/api/services/health.pyi",
          "backend/src/stubs/runtime/platform/api/services/history.pyi",
          "backend/src/stubs/runtime/platform/api/services/tasks.pyi",
          "backend/src/stubs/runtime/platform/api/services/tasks_write.pyi",
          "backend/src/stubs/runtime/platform/api/services/verification.pyi",
          "backend/src/stubs/runtime/platform/api/services/verification_write.pyi",
          "backend/src/stubs/runtime/platform/cache.pyi",
          "backend/src/stubs/runtime/platform/diagnostics/__init__.pyi",
          "backend/src/stubs/runtime/platform/diagnostics/engine.pyi",
          "backend/src/stubs/runtime/system/__init__.pyi",
          "backend/src/stubs/runtime/system/observability/__init__.pyi",
          "backend/src/stubs/runtime/system/observability/event_store.pyi"
        ],
        "primary_source_path": "backend/src/api.py"
      },
      "capability": {
        "capability_id": "api-contracts",
        "authority": "ControlPlanePlanner",
        "severity": "required",
        "description": ""
      },
      "requirement": {
        "requirement_id": "req-612327196aa9-8",
        "capability_id": "api-contracts",
        "obligation_kind": "unit",
        "rationale": "Directly affected by change",
        "severity": "required",
        "target": "frontend"
      },
      "disposition": "open",
      "task_id": "task-0002",
      "evidence": [],
      "reasons": [
        "Directly affected by change"
      ],
      "created_at": "2026-09-20T10:59:15.665433+00:00",
      "closed_at": null,
      "fingerprint": "82e7e39a6500e9319f7308c108d329ddb465c87753b4852765b13e7c3a92575a"
    },
    {
      "obligation_id": "obl-612327196aa9-9",
      "change": {
        "path": "backend/src/api.py",
        "change_type": "modified",
        "symbol": null,
        "old_path": null,
        "source_paths": [
          "backend/src/api.py",
          "backend/src/core/dtos/account_dto.py",
          "backend/src/core/dtos/accounts_dto.py",
          "backend/src/core/dtos/analytics_dto.py",
          "backend/src/core/dtos/behaviour_dto.py",
          "backend/src/core/dtos/cashflow_dto.py",
          "backend/src/core/dtos/credit_cards_dto.py",
          "backend/src/core/dtos/dashboard_dto.py",
          "backend/src/core/dtos/forecast_dto.py",
          "backend/src/core/dtos/investments_dto.py",
          "backend/src/core/dtos/loans_dto.py",
          "backend/src/core/dtos/net_worth_dto.py",
          "backend/src/core/dtos/reconciliation_dto.py",
          "backend/src/core/dtos/statement_dto.py",
          "backend/src/core/dtos/transaction_dto.py",
          "backend/src/core/mappers/transaction_mapper.py",
          "backend/src/engines/financial_intelligence/goal_planner.py",
          "backend/src/engines/financial_intelligence/intelligence.py",
          "backend/src/engines/financial_intelligence/optimization.py",
          "backend/src/engines/loan_engine/emi.py",
          "backend/src/engines/loan_engine/prepayment.py",
          "backend/src/engines/test_rem_ediation_probe.py",
          "backend/src/engines/transaction_intelligence/cash_conversion_detector.py",
          "backend/src/extraction/camelot_extractor.py",
          "backend/src/extraction/hybrid_extractor.py",
          "backend/src/extraction/statement_extractor.py",
          "backend/src/routers/platform.py",
          "backend/src/routers/reconciliation.py",
          "backend/src/routers/transactions.py",
          "backend/src/services/behaviour_service.py",
          "backend/src/services/dashboard_service.py",
          "backend/src/services/transaction_service.py",
          "backend/src/startup.py",
          "backend/src/stubs/camelot/__init__.pyi",
          "backend/src/stubs/camelot/core.pyi",
          "backend/src/stubs/py.typed",
          "backend/src/stubs/runtime/__init__.pyi",
          "backend/src/stubs/runtime/platform/__init__.pyi",
          "backend/src/stubs/runtime/platform/ai/__init__.pyi",
          "backend/src/stubs/runtime/platform/ai/agents.pyi",
          "backend/src/stubs/runtime/platform/ai/config.pyi",
          "backend/src/stubs/runtime/platform/ai/context.pyi",
          "backend/src/stubs/runtime/platform/ai/intent.pyi",
          "backend/src/stubs/runtime/platform/ai/memory.pyi",
          "backend/src/stubs/runtime/platform/ai/orchestrator.pyi",
          "backend/src/stubs/runtime/platform/ai/planner.pyi",
          "backend/src/stubs/runtime/platform/ai/policy.pyi",
          "backend/src/stubs/runtime/platform/ai/providers.pyi",
          "backend/src/stubs/runtime/platform/ai/runs.pyi",
          "backend/src/stubs/runtime/platform/ai/tools.pyi",
          "backend/src/stubs/runtime/platform/api/__init__.pyi",
          "backend/src/stubs/runtime/platform/api/contracts/__init__.pyi",
          "backend/src/stubs/runtime/platform/api/contracts/ai.pyi",
          "backend/src/stubs/runtime/platform/api/contracts/context.pyi",
          "backend/src/stubs/runtime/platform/api/contracts/diagnostics.pyi",
          "backend/src/stubs/runtime/platform/api/contracts/health.pyi",
          "backend/src/stubs/runtime/platform/api/envelope.pyi",
          "backend/src/stubs/runtime/platform/api/errors.pyi",
          "backend/src/stubs/runtime/platform/api/services/__init__.pyi",
          "backend/src/stubs/runtime/platform/api/services/_helpers.pyi",
          "backend/src/stubs/runtime/platform/api/services/application.pyi",
          "backend/src/stubs/runtime/platform/api/services/architecture.pyi",
          "backend/src/stubs/runtime/platform/api/services/capabilities.pyi",
          "backend/src/stubs/runtime/platform/api/services/change.pyi",
          "backend/src/stubs/runtime/platform/api/services/cross_layer.pyi",
          "backend/src/stubs/runtime/platform/api/services/errors.pyi",
          "backend/src/stubs/runtime/platform/api/services/events.pyi",
          "backend/src/stubs/runtime/platform/api/services/evidence.pyi",
          "backend/src/stubs/runtime/platform/api/services/executions.pyi",
          "backend/src/stubs/runtime/platform/api/services/framework_integrity.pyi",
          "backend/src/stubs/runtime/platform/api/services/health.pyi",
          "backend/src/stubs/runtime/platform/api/services/history.pyi",
          "backend/src/stubs/runtime/platform/api/services/tasks.pyi",
          "backend/src/stubs/runtime/platform/api/services/tasks_write.pyi",
          "backend/src/stubs/runtime/platform/api/services/verification.pyi",
          "backend/src/stubs/runtime/platform/api/services/verification_write.pyi",
          "backend/src/stubs/runtime/platform/cache.pyi",
          "backend/src/stubs/runtime/platform/diagnostics/__init__.pyi",
          "backend/src/stubs/runtime/platform/diagnostics/engine.pyi",
          "backend/src/stubs/runtime/system/__init__.pyi",
          "backend/src/stubs/runtime/system/observability/__init__.pyi",
          "backend/src/stubs/runtime/system/observability/event_store.pyi"
        ],
        "primary_source_path": "backend/src/api.py"
      },
      "capability": {
        "capability_id": "api-contracts",
        "authority": "ControlPlanePlanner",
        "severity": "required",
        "description": ""
      },
      "requirement": {
        "requirement_id": "req-612327196aa9-9",
        "capability_id": "api-contracts",
        "obligation_kind": "unit",
        "rationale": "Directly affected by change",
        "severity": "required",
        "target": "backend"
      },
      "disposition": "open",
      "task_id": "task-0003",
      "evidence": [],
      "reasons": [
        "Directly affected by change"
      ],
      "created_at": "2026-09-20T10:59:15.665452+00:00",
      "closed_at": null,
      "fingerprint": "84db5d0f5329c99b0b973cccaca8bab9c5057631f8131cdc201fa0fda45c08b7"
    },
    {
      "obligation_id": "obl-612327196aa9-10",
      "change": {
        "path": "backend/src/api.py",
        "change_type": "modified",
        "symbol": null,
        "old_path": null,
        "source_paths": [
          "backend/src/api.py",
          "backend/src/core/dtos/account_dto.py",
          "backend/src/core/dtos/accounts_dto.py",
          "backend/src/core/dtos/analytics_dto.py",
          "backend/src/core/dtos/behaviour_dto.py",
          "backend/src/core/dtos/cashflow_dto.py",
          "backend/src/core/dtos/credit_cards_dto.py",
          "backend/src/core/dtos/dashboard_dto.py",
          "backend/src/core/dtos/forecast_dto.py",
          "backend/src/core/dtos/investments_dto.py",
          "backend/src/core/dtos/loans_dto.py",
          "backend/src/core/dtos/net_worth_dto.py",
          "backend/src/core/dtos/reconciliation_dto.py",
          "backend/src/core/dtos/statement_dto.py",
          "backend/src/core/dtos/transaction_dto.py",
          "backend/src/core/mappers/transaction_mapper.py",
          "backend/src/engines/financial_intelligence/goal_planner.py",
          "backend/src/engines/financial_intelligence/intelligence.py",
          "backend/src/engines/financial_intelligence/optimization.py",
          "backend/src/engines/loan_engine/emi.py",
          "backend/src/engines/loan_engine/prepayment.py",
          "backend/src/engines/test_rem_ediation_probe.py",
          "backend/src/engines/transaction_intelligence/cash_conversion_detector.py",
          "backend/src/extraction/camelot_extractor.py",
          "backend/src/extraction/hybrid_extractor.py",
          "backend/src/extraction/statement_extractor.py",
          "backend/src/routers/platform.py",
          "backend/src/routers/reconciliation.py",
          "backend/src/routers/transactions.py",
          "backend/src/services/behaviour_service.py",
          "backend/src/services/dashboard_service.py",
          "backend/src/services/transaction_service.py",
          "backend/src/startup.py",
          "backend/src/stubs/camelot/__init__.pyi",
          "backend/src/stubs/camelot/core.pyi",
          "backend/src/stubs/py.typed",
          "backend/src/stubs/runtime/__init__.pyi",
          "backend/src/stubs/runtime/platform/__init__.pyi",
          "backend/src/stubs/runtime/platform/ai/__init__.pyi",
          "backend/src/stubs/runtime/platform/ai/agents.pyi",
          "backend/src/stubs/runtime/platform/ai/config.pyi",
          "backend/src/stubs/runtime/platform/ai/context.pyi",
          "backend/src/stubs/runtime/platform/ai/intent.pyi",
          "backend/src/stubs/runtime/platform/ai/memory.pyi",
          "backend/src/stubs/runtime/platform/ai/orchestrator.pyi",
          "backend/src/stubs/runtime/platform/ai/planner.pyi",
          "backend/src/stubs/runtime/platform/ai/policy.pyi",
          "backend/src/stubs/runtime/platform/ai/providers.pyi",
          "backend/src/stubs/runtime/platform/ai/runs.pyi",
          "backend/src/stubs/runtime/platform/ai/tools.pyi",
          "backend/src/stubs/runtime/platform/api/__init__.pyi",
          "backend/src/stubs/runtime/platform/api/contracts/__init__.pyi",
          "backend/src/stubs/runtime/platform/api/contracts/ai.pyi",
          "backend/src/stubs/runtime/platform/api/contracts/context.pyi",
          "backend/src/stubs/runtime/platform/api/contracts/diagnostics.pyi",
          "backend/src/stubs/runtime/platform/api/contracts/health.pyi",
          "backend/src/stubs/runtime/platform/api/envelope.pyi",
          "backend/src/stubs/runtime/platform/api/errors.pyi",
          "backend/src/stubs/runtime/platform/api/services/__init__.pyi",
          "backend/src/stubs/runtime/platform/api/services/_helpers.pyi",
          "backend/src/stubs/runtime/platform/api/services/application.pyi",
          "backend/src/stubs/runtime/platform/api/services/architecture.pyi",
          "backend/src/stubs/runtime/platform/api/services/capabilities.pyi",
          "backend/src/stubs/runtime/platform/api/services/change.pyi",
          "backend/src/stubs/runtime/platform/api/services/cross_layer.pyi",
          "backend/src/stubs/runtime/platform/api/services/errors.pyi",
          "backend/src/stubs/runtime/platform/api/services/events.pyi",
          "backend/src/stubs/runtime/platform/api/services/evidence.pyi",
          "backend/src/stubs/runtime/platform/api/services/executions.pyi",
          "backend/src/stubs/runtime/platform/api/services/framework_integrity.pyi",
          "backend/src/stubs/runtime/platform/api/services/health.pyi",
          "backend/src/stubs/runtime/platform/api/services/history.pyi",
          "backend/src/stubs/runtime/platform/api/services/tasks.pyi",
          "backend/src/stubs/runtime/platform/api/services/tasks_write.pyi",
          "backend/src/stubs/runtime/platform/api/services/verification.pyi",
          "backend/src/stubs/runtime/platform/api/services/verification_write.pyi",
          "backend/src/stubs/runtime/platform/cache.pyi",
          "backend/src/stubs/runtime/platform/diagnostics/__init__.pyi",
          "backend/src/stubs/runtime/platform/diagnostics/engine.pyi",
          "backend/src/stubs/runtime/system/__init__.pyi",
          "backend/src/stubs/runtime/system/observability/__init__.pyi",
          "backend/src/stubs/runtime/system/observability/event_store.pyi"
        ],
        "primary_source_path": "backend/src/api.py"
      },
      "capability": {
        "capability_id": "api-contracts",
        "authority": "ControlPlanePlanner",
        "severity": "required",
        "description": ""
      },
      "requirement": {
        "requirement_id": "req-612327196aa9-10",
        "capability_id": "api-contracts",
        "obligation_kind": "unit",
        "rationale": "Directly affected by change",
        "severity": "required",
        "target": "run_contract_tests"
      },
      "disposition": "open",
      "task_id": "task-0004",
      "evidence": [],
      "reasons": [
        "Directly affected by change"
      ],
      "created_at": "2026-09-20T10:59:15.665470+00:00",
      "closed_at": null,
      "fingerprint": "2ef5ffb5c17c75fbe8d51cdb8c1e433866cb7e4608ff6caea1ac54934e6484f5"
    },
    {
      "obligation_id": "obl-612327196aa9-11",
      "change": {
        "path": "backend/src/api.py",
        "change_type": "modified",
        "symbol": null,
        "old_path": null,
        "source_paths": [
          "backend/src/api.py",
          "backend/src/core/dtos/account_dto.py",
          "backend/src/core/dtos/accounts_dto.py",
          "backend/src/core/dtos/analytics_dto.py",
          "backend/src/core/dtos/behaviour_dto.py",
          "backend/src/core/dtos/cashflow_dto.py",
          "backend/src/core/dtos/credit_cards_dto.py",
          "backend/src/core/dtos/dashboard_dto.py",
          "backend/src/core/dtos/forecast_dto.py",
          "backend/src/core/dtos/investments_dto.py",
          "backend/src/core/dtos/loans_dto.py",
          "backend/src/core/dtos/net_worth_dto.py",
          "backend/src/core/dtos/reconciliation_dto.py",
          "backend/src/core/dtos/statement_dto.py",
          "backend/src/core/dtos/transaction_dto.py",
          "backend/src/core/mappers/transaction_mapper.py",
          "backend/src/engines/financial_intelligence/goal_planner.py",
          "backend/src/engines/financial_intelligence/intelligence.py",
          "backend/src/engines/financial_intelligence/optimization.py",
          "backend/src/engines/loan_engine/emi.py",
          "backend/src/engines/loan_engine/prepayment.py",
          "backend/src/engines/test_rem_ediation_probe.py",
          "backend/src/engines/transaction_intelligence/cash_conversion_detector.py",
          "backend/src/extraction/camelot_extractor.py",
          "backend/src/extraction/hybrid_extractor.py",
          "backend/src/extraction/statement_extractor.py",
          "backend/src/routers/platform.py",
          "backend/src/routers/reconciliation.py",
          "backend/src/routers/transactions.py",
          "backend/src/services/behaviour_service.py",
          "backend/src/services/dashboard_service.py",
          "backend/src/services/transaction_service.py",
          "backend/src/startup.py",
          "backend/src/stubs/camelot/__init__.pyi",
          "backend/src/stubs/camelot/core.pyi",
          "backend/src/stubs/py.typed",
          "backend/src/stubs/runtime/__init__.pyi",
          "backend/src/stubs/runtime/platform/__init__.pyi",
          "backend/src/stubs/runtime/platform/ai/__init__.pyi",
          "backend/src/stubs/runtime/platform/ai/agents.pyi",
          "backend/src/stubs/runtime/platform/ai/config.pyi",
          "backend/src/stubs/runtime/platform/ai/context.pyi",
          "backend/src/stubs/runtime/platform/ai/intent.pyi",
          "backend/src/stubs/runtime/platform/ai/memory.pyi",
          "backend/src/stubs/runtime/platform/ai/orchestrator.pyi",
          "backend/src/stubs/runtime/platform/ai/planner.pyi",
          "backend/src/stubs/runtime/platform/ai/policy.pyi",
          "backend/src/stubs/runtime/platform/ai/providers.pyi",
          "backend/src/stubs/runtime/platform/ai/runs.pyi",
          "backend/src/stubs/runtime/platform/ai/tools.pyi",
          "backend/src/stubs/runtime/platform/api/__init__.pyi",
          "backend/src/stubs/runtime/platform/api/contracts/__init__.pyi",
          "backend/src/stubs/runtime/platform/api/contracts/ai.pyi",
          "backend/src/stubs/runtime/platform/api/contracts/context.pyi",
          "backend/src/stubs/runtime/platform/api/contracts/diagnostics.pyi",
          "backend/src/stubs/runtime/platform/api/contracts/health.pyi",
          "backend/src/stubs/runtime/platform/api/envelope.pyi",
          "backend/src/stubs/runtime/platform/api/errors.pyi",
          "backend/src/stubs/runtime/platform/api/services/__init__.pyi",
          "backend/src/stubs/runtime/platform/api/services/_helpers.pyi",
          "backend/src/stubs/runtime/platform/api/services/application.pyi",
          "backend/src/stubs/runtime/platform/api/services/architecture.pyi",
          "backend/src/stubs/runtime/platform/api/services/capabilities.pyi",
          "backend/src/stubs/runtime/platform/api/services/change.pyi",
          "backend/src/stubs/runtime/platform/api/services/cross_layer.pyi",
          "backend/src/stubs/runtime/platform/api/services/errors.pyi",
          "backend/src/stubs/runtime/platform/api/services/events.pyi",
          "backend/src/stubs/runtime/platform/api/services/evidence.pyi",
          "backend/src/stubs/runtime/platform/api/services/executions.pyi",
          "backend/src/stubs/runtime/platform/api/services/framework_integrity.pyi",
          "backend/src/stubs/runtime/platform/api/services/health.pyi",
          "backend/src/stubs/runtime/platform/api/services/history.pyi",
          "backend/src/stubs/runtime/platform/api/services/tasks.pyi",
          "backend/src/stubs/runtime/platform/api/services/tasks_write.pyi",
          "backend/src/stubs/runtime/platform/api/services/verification.pyi",
          "backend/src/stubs/runtime/platform/api/services/verification_write.pyi",
          "backend/src/stubs/runtime/platform/cache.pyi",
          "backend/src/stubs/runtime/platform/diagnostics/__init__.pyi",
          "backend/src/stubs/runtime/platform/diagnostics/engine.pyi",
          "backend/src/stubs/runtime/system/__init__.pyi",
          "backend/src/stubs/runtime/system/observability/__init__.pyi",
          "backend/src/stubs/runtime/system/observability/event_store.pyi"
        ],
        "primary_source_path": "backend/src/api.py"
      },
      "capability": {
        "capability_id": "api-contracts",
        "authority": "ControlPlanePlanner",
        "severity": "required",
        "description": ""
      },
      "requirement": {
        "requirement_id": "req-612327196aa9-11",
        "capability_id": "api-contracts",
        "obligation_kind": "unit",
        "rationale": "Directly affected by change",
        "severity": "required",
        "target": "run_frontend_verification"
      },
      "disposition": "open",
      "task_id": "task-0005",
      "evidence": [],
      "reasons": [
        "Directly affected by change"
      ],
      "created_at": "2026-09-20T10:59:15.665490+00:00",
      "closed_at": null,
      "fingerprint": "0689fa05a94010ef0d593d88409a32d541533847980785f25f722c8578bb125f"
    },
    {
      "obligation_id": "obl-612327196aa9-12",
      "change": {
        "path": "backend/src/api.py",
        "change_type": "modified",
        "symbol": null,
        "old_path": null,
        "source_paths": [
          "backend/src/api.py",
          "backend/src/core/dtos/account_dto.py",
          "backend/src/core/dtos/accounts_dto.py",
          "backend/src/core/dtos/analytics_dto.py",
          "backend/src/core/dtos/behaviour_dto.py",
          "backend/src/core/dtos/cashflow_dto.py",
          "backend/src/core/dtos/credit_cards_dto.py",
          "backend/src/core/dtos/dashboard_dto.py",
          "backend/src/core/dtos/forecast_dto.py",
          "backend/src/core/dtos/investments_dto.py",
          "backend/src/core/dtos/loans_dto.py",
          "backend/src/core/dtos/net_worth_dto.py",
          "backend/src/core/dtos/reconciliation_dto.py",
          "backend/src/core/dtos/statement_dto.py",
          "backend/src/core/dtos/transaction_dto.py",
          "backend/src/core/mappers/transaction_mapper.py",
          "backend/src/engines/financial_intelligence/goal_planner.py",
          "backend/src/engines/financial_intelligence/intelligence.py",
          "backend/src/engines/financial_intelligence/optimization.py",
          "backend/src/engines/loan_engine/emi.py",
          "backend/src/engines/loan_engine/prepayment.py",
          "backend/src/engines/test_rem_ediation_probe.py",
          "backend/src/engines/transaction_intelligence/cash_conversion_detector.py",
          "backend/src/extraction/camelot_extractor.py",
          "backend/src/extraction/hybrid_extractor.py",
          "backend/src/extraction/statement_extractor.py",
          "backend/src/routers/platform.py",
          "backend/src/routers/reconciliation.py",
          "backend/src/routers/transactions.py",
          "backend/src/services/behaviour_service.py",
          "backend/src/services/dashboard_service.py",
          "backend/src/services/transaction_service.py",
          "backend/src/startup.py",
          "backend/src/stubs/camelot/__init__.pyi",
          "backend/src/stubs/camelot/core.pyi",
          "backend/src/stubs/py.typed",
          "backend/src/stubs/runtime/__init__.pyi",
          "backend/src/stubs/runtime/platform/__init__.pyi",
          "backend/src/stubs/runtime/platform/ai/__init__.pyi",
          "backend/src/stubs/runtime/platform/ai/agents.pyi",
          "backend/src/stubs/runtime/platform/ai/config.pyi",
          "backend/src/stubs/runtime/platform/ai/context.pyi",
          "backend/src/stubs/runtime/platform/ai/intent.pyi",
          "backend/src/stubs/runtime/platform/ai/memory.pyi",
          "backend/src/stubs/runtime/platform/ai/orchestrator.pyi",
          "backend/src/stubs/runtime/platform/ai/planner.pyi",
          "backend/src/stubs/runtime/platform/ai/policy.pyi",
          "backend/src/stubs/runtime/platform/ai/providers.pyi",
          "backend/src/stubs/runtime/platform/ai/runs.pyi",
          "backend/src/stubs/runtime/platform/ai/tools.pyi",
          "backend/src/stubs/runtime/platform/api/__init__.pyi",
          "backend/src/stubs/runtime/platform/api/contracts/__init__.pyi",
          "backend/src/stubs/runtime/platform/api/contracts/ai.pyi",
          "backend/src/stubs/runtime/platform/api/contracts/context.pyi",
          "backend/src/stubs/runtime/platform/api/contracts/diagnostics.pyi",
          "backend/src/stubs/runtime/platform/api/contracts/health.pyi",
          "backend/src/stubs/runtime/platform/api/envelope.pyi",
          "backend/src/stubs/runtime/platform/api/errors.pyi",
          "backend/src/stubs/runtime/platform/api/services/__init__.pyi",
          "backend/src/stubs/runtime/platform/api/services/_helpers.pyi",
          "backend/src/stubs/runtime/platform/api/services/application.pyi",
          "backend/src/stubs/runtime/platform/api/services/architecture.pyi",
          "backend/src/stubs/runtime/platform/api/services/capabilities.pyi",
          "backend/src/stubs/runtime/platform/api/services/change.pyi",
          "backend/src/stubs/runtime/platform/api/services/cross_layer.pyi",
          "backend/src/stubs/runtime/platform/api/services/errors.pyi",
          "backend/src/stubs/runtime/platform/api/services/events.pyi",
          "backend/src/stubs/runtime/platform/api/services/evidence.pyi",
          "backend/src/stubs/runtime/platform/api/services/executions.pyi",
          "backend/src/stubs/runtime/platform/api/services/framework_integrity.pyi",
          "backend/src/stubs/runtime/platform/api/services/health.pyi",
          "backend/src/stubs/runtime/platform/api/services/history.pyi",
          "backend/src/stubs/runtime/platform/api/services/tasks.pyi",
          "backend/src/stubs/runtime/platform/api/services/tasks_write.pyi",
          "backend/src/stubs/runtime/platform/api/services/verification.pyi",
          "backend/src/stubs/runtime/platform/api/services/verification_write.pyi",
          "backend/src/stubs/runtime/platform/cache.pyi",
          "backend/src/stubs/runtime/platform/diagnostics/__init__.pyi",
          "backend/src/stubs/runtime/platform/diagnostics/engine.pyi",
          "backend/src/stubs/runtime/system/__init__.pyi",
          "backend/src/stubs/runtime/system/observability/__init__.pyi",
          "backend/src/stubs/runtime/system/observability/event_store.pyi"
        ],
        "primary_source_path": "backend/src/api.py"
      },
      "capability": {
        "capability_id": "api-contracts",
        "authority": "ControlPlanePlanner",
        "severity": "required",
        "description": ""
      },
      "requirement": {
        "requirement_id": "req-612327196aa9-12",
        "capability_id": "api-contracts",
        "obligation_kind": "unit",
        "rationale": "Directly affected by change",
        "severity": "required",
        "target": "run_backend_verification"
      },
      "disposition": "open",
      "task_id": "task-0006",
      "evidence": [],
      "reasons": [
        "Directly affected by change"
      ],
      "created_at": "2026-09-20T10:59:15.665508+00:00",
      "closed_at": null,
      "fingerprint": "ff1f8f1adb84b7e65371ce2bfbda779caa3716a8e4630476f0c07aecaed5ef9c"
    },
    {
      "obligation_id": "obl-612327196aa9-13",
      "change": {
        "path": "frontend/lib/hooks/use-behavior-score.ts",
        "change_type": "modified",
        "symbol": null,
        "old_path": null,
        "source_paths": [
          "frontend/lib/hooks/use-behavior-score.ts"
        ],
        "primary_source_path": "frontend/lib/hooks/use-behavior-score.ts"
      },
      "capability": {
        "capability_id": "behaviour-engine",
        "authority": "ControlPlanePlanner",
        "severity": "required",
        "description": ""
      },
      "requirement": {
        "requirement_id": "req-612327196aa9-13",
        "capability_id": "behaviour-engine",
        "obligation_kind": "property",
        "rationale": "Directly affected by change",
        "severity": "required",
        "target": "property"
      },
      "disposition": "open",
      "task_id": "task-0001",
      "evidence": [],
      "reasons": [
        "Directly affected by change"
      ],
      "created_at": "2026-09-20T10:59:15.665525+00:00",
      "closed_at": null,
      "fingerprint": "db3bae9a82b1b9a6ec9ce7d0b48d771fde80f0a312cea3ca14826034355bdc8b"
    },
    {
      "obligation_id": "obl-612327196aa9-14",
      "change": {
        "path": "frontend/lib/hooks/use-behavior-score.ts",
        "change_type": "modified",
        "symbol": null,
        "old_path": null,
        "source_paths": [
          "frontend/lib/hooks/use-behavior-score.ts"
        ],
        "primary_source_path": "frontend/lib/hooks/use-behavior-score.ts"
      },
      "capability": {
        "capability_id": "behaviour-engine",
        "authority": "ControlPlanePlanner",
        "severity": "required",
        "description": ""
      },
      "requirement": {
        "requirement_id": "req-612327196aa9-14",
        "capability_id": "behaviour-engine",
        "obligation_kind": "contract",
        "rationale": "Directly affected by change",
        "severity": "required",
        "target": "contracts"
      },
      "disposition": "open",
      "task_id": "task-0002",
      "evidence": [],
      "reasons": [
        "Directly affected by change"
      ],
      "created_at": "2026-09-20T10:59:15.665542+00:00",
      "closed_at": null,
      "fingerprint": "108c7e716fd2bb12986725b4570aebdc0a4c91e879c5ad4909454a5b3b7ef2f7"
    },
    {
      "obligation_id": "obl-612327196aa9-15",
      "change": {
        "path": "frontend/lib/hooks/use-behavior-score.ts",
        "change_type": "modified",
        "symbol": null,
        "old_path": null,
        "source_paths": [
          "frontend/lib/hooks/use-behavior-score.ts"
        ],
        "primary_source_path": "frontend/lib/hooks/use-behavior-score.ts"
      },
      "capability": {
        "capability_id": "behaviour-engine",
        "authority": "ControlPlanePlanner",
        "severity": "required",
        "description": ""
      },
      "requirement": {
        "requirement_id": "req-612327196aa9-15",
        "capability_id": "behaviour-engine",
        "obligation_kind": "unit",
        "rationale": "Directly affected by change",
        "severity": "required",
        "target": "backend"
      },
      "disposition": "open",
      "task_id": "task-0003",
      "evidence": [],
      "reasons": [
        "Directly affected by change"
      ],
      "created_at": "2026-09-20T10:59:15.665560+00:00",
      "closed_at": null,
      "fingerprint": "00e4b451ceb807f9fca237e56f502df1b59e3df4d0895d748cd0f55428ed5754"
    },
    {
      "obligation_id": "obl-612327196aa9-16",
      "change": {
        "path": "frontend/lib/hooks/use-behavior-score.ts",
        "change_type": "modified",
        "symbol": null,
        "old_path": null,
        "source_paths": [
          "frontend/lib/hooks/use-behavior-score.ts"
        ],
        "primary_source_path": "frontend/lib/hooks/use-behavior-score.ts"
      },
      "capability": {
        "capability_id": "behaviour-engine",
        "authority": "ControlPlanePlanner",
        "severity": "required",
        "description": ""
      },
      "requirement": {
        "requirement_id": "req-612327196aa9-16",
        "capability_id": "behaviour-engine",
        "obligation_kind": "unit",
        "rationale": "Directly affected by change",
        "severity": "required",
        "target": "run_property_tests"
      },
      "disposition": "open",
      "task_id": "task-0004",
      "evidence": [],
      "reasons": [
        "Directly affected by change"
      ],
      "created_at": "2026-09-20T10:59:15.665579+00:00",
      "closed_at": null,
      "fingerprint": "7b919287dd1c6d8f04ccfd641d36ca6c7fe7cdc8253e3577ffd42cffe365b19f"
    },
    {
      "obligation_id": "obl-612327196aa9-17",
      "change": {
        "path": "frontend/lib/hooks/use-behavior-score.ts",
        "change_type": "modified",
        "symbol": null,
        "old_path": null,
        "source_paths": [
          "frontend/lib/hooks/use-behavior-score.ts"
        ],
        "primary_source_path": "frontend/lib/hooks/use-behavior-score.ts"
      },
      "capability": {
        "capability_id": "behaviour-engine",
        "authority": "ControlPlanePlanner",
        "severity": "required",
        "description": ""
      },
      "requirement": {
        "requirement_id": "req-612327196aa9-17",
        "capability_id": "behaviour-engine",
        "obligation_kind": "unit",
        "rationale": "Directly affected by change",
        "severity": "required",
        "target": "run_contract_tests"
      },
      "disposition": "open",
      "task_id": "task-0005",
      "evidence": [],
      "reasons": [
        "Directly affected by change"
      ],
      "created_at": "2026-09-20T10:59:15.665597+00:00",
      "closed_at": null,
      "fingerprint": "d2b258b78b6a4eef922ffe2c7b3f036ab2859f4edcddf91ca4b85fbea1920dfd"
    },
    {
      "obligation_id": "obl-612327196aa9-18",
      "change": {
        "path": "frontend/lib/hooks/use-behavior-score.ts",
        "change_type": "modified",
        "symbol": null,
        "old_path": null,
        "source_paths": [
          "frontend/lib/hooks/use-behavior-score.ts"
        ],
        "primary_source_path": "frontend/lib/hooks/use-behavior-score.ts"
      },
      "capability": {
        "capability_id": "behaviour-engine",
        "authority": "ControlPlanePlanner",
        "severity": "required",
        "description": ""
      },
      "requirement": {
        "requirement_id": "req-612327196aa9-18",
        "capability_id": "behaviour-engine",
        "obligation_kind": "unit",
        "rationale": "Directly affected by change",
        "severity": "required",
        "target": "run_backend_verification"
      },
      "disposition": "open",
      "task_id": "task-0006",
      "evidence": [],
      "reasons": [
        "Directly affected by change"
      ],
      "created_at": "2026-09-20T10:59:15.665615+00:00",
      "closed_at": null,
      "fingerprint": "4b398328e205bf2db156f9104e031d784aabc8eb01371f2f15100a8ad86b66f5"
    },
    {
      "obligation_id": "obl-612327196aa9-19",
      "change": {
        "path": "frontend/lib/hooks/use-behavior-score.ts",
        "change_type": "modified",
        "symbol": null,
        "old_path": null,
        "source_paths": [
          "frontend/lib/hooks/use-behavior-score.ts"
        ],
        "primary_source_path": "frontend/lib/hooks/use-behavior-score.ts"
      },
      "capability": {
        "capability_id": "behaviour-engine",
        "authority": "ControlPlanePlanner",
        "severity": "required",
        "description": ""
      },
      "requirement": {
        "requirement_id": "req-612327196aa9-19",
        "capability_id": "behaviour-engine",
        "obligation_kind": "unit",
        "rationale": "Directly affected by change",
        "severity": "required",
        "target": "run_fast_checks"
      },
      "disposition": "open",
      "task_id": "task-0007",
      "evidence": [],
      "reasons": [
        "Directly affected by change"
      ],
      "created_at": "2026-09-20T10:59:15.665633+00:00",
      "closed_at": null,
      "fingerprint": "4a2dc8405fe1cd3798e79c031014cf76537e1ba65306c49c5da6c7cd2e4e46e0"
    },
    {
      "obligation_id": "obl-612327196aa9-20",
      "change": {
        "path": "frontend/components/primitives/panel/panel.tsx",
        "change_type": "modified",
        "symbol": null,
        "old_path": null,
        "source_paths": [
          "frontend/components/primitives/panel/panel.tsx",
          "frontend/lib/hooks/use-cashflow.ts",
          "frontend/lib/hooks/use-networth.ts"
        ],
        "primary_source_path": "frontend/components/primitives/panel/panel.tsx"
      },
      "capability": {
        "capability_id": "cashflow-engine",
        "authority": "ControlPlanePlanner",
        "severity": "required",
        "description": ""
      },
      "requirement": {
        "requirement_id": "req-612327196aa9-20",
        "capability_id": "cashflow-engine",
        "obligation_kind": "property",
        "rationale": "Directly affected by change",
        "severity": "required",
        "target": "property"
      },
      "disposition": "open",
      "task_id": "task-0001",
      "evidence": [],
      "reasons": [
        "Directly affected by change"
      ],
      "created_at": "2026-09-20T10:59:15.665652+00:00",
      "closed_at": null,
      "fingerprint": "fd546c1b6ce44373012305d065173210ac8d25edf8c64b6ab99d3c69a4e02441"
    },
    {
      "obligation_id": "obl-612327196aa9-21",
      "change": {
        "path": "frontend/components/primitives/panel/panel.tsx",
        "change_type": "modified",
        "symbol": null,
        "old_path": null,
        "source_paths": [
          "frontend/components/primitives/panel/panel.tsx",
          "frontend/lib/hooks/use-cashflow.ts",
          "frontend/lib/hooks/use-networth.ts"
        ],
        "primary_source_path": "frontend/components/primitives/panel/panel.tsx"
      },
      "capability": {
        "capability_id": "cashflow-engine",
        "authority": "ControlPlanePlanner",
        "severity": "required",
        "description": ""
      },
      "requirement": {
        "requirement_id": "req-612327196aa9-21",
        "capability_id": "cashflow-engine",
        "obligation_kind": "contract",
        "rationale": "Directly affected by change",
        "severity": "required",
        "target": "contracts"
      },
      "disposition": "open",
      "task_id": "task-0002",
      "evidence": [],
      "reasons": [
        "Directly affected by change"
      ],
      "created_at": "2026-09-20T10:59:15.665669+00:00",
      "closed_at": null,
      "fingerprint": "c52f9275da78bd68ee79cf5af95e95108a871345135b7b9c91ac65bcf4125f12"
    },
    {
      "obligation_id": "obl-612327196aa9-22",
      "change": {
        "path": "frontend/components/primitives/panel/panel.tsx",
        "change_type": "modified",
        "symbol": null,
        "old_path": null,
        "source_paths": [
          "frontend/components/primitives/panel/panel.tsx",
          "frontend/lib/hooks/use-cashflow.ts",
          "frontend/lib/hooks/use-networth.ts"
        ],
        "primary_source_path": "frontend/components/primitives/panel/panel.tsx"
      },
      "capability": {
        "capability_id": "cashflow-engine",
        "authority": "ControlPlanePlanner",
        "severity": "required",
        "description": ""
      },
      "requirement": {
        "requirement_id": "req-612327196aa9-22",
        "capability_id": "cashflow-engine",
        "obligation_kind": "unit",
        "rationale": "Directly affected by change",
        "severity": "required",
        "target": "backend"
      },
      "disposition": "open",
      "task_id": "task-0003",
      "evidence": [],
      "reasons": [
        "Directly affected by change"
      ],
      "created_at": "2026-09-20T10:59:15.665684+00:00",
      "closed_at": null,
      "fingerprint": "17363396a50998bce88f125a5db13f3606e4188ec3e3c796e917a98d9abf8b5d"
    },
    {
      "obligation_id": "obl-612327196aa9-23",
      "change": {
        "path": "frontend/components/primitives/panel/panel.tsx",
        "change_type": "modified",
        "symbol": null,
        "old_path": null,
        "source_paths": [
          "frontend/components/primitives/panel/panel.tsx",
          "frontend/lib/hooks/use-cashflow.ts",
          "frontend/lib/hooks/use-networth.ts"
        ],
        "primary_source_path": "frontend/components/primitives/panel/panel.tsx"
      },
      "capability": {
        "capability_id": "cashflow-engine",
        "authority": "ControlPlanePlanner",
        "severity": "required",
        "description": ""
      },
      "requirement": {
        "requirement_id": "req-612327196aa9-23",
        "capability_id": "cashflow-engine",
        "obligation_kind": "unit",
        "rationale": "Directly affected by change",
        "severity": "required",
        "target": "run_property_tests"
      },
      "disposition": "open",
      "task_id": "task-0004",
      "evidence": [],
      "reasons": [
        "Directly affected by change"
      ],
      "created_at": "2026-09-20T10:59:15.665699+00:00",
      "closed_at": null,
      "fingerprint": "be5a95444eca4ef5e166c821115f35ea236ad2be377c476cff592d23e7042423"
    },
    {
      "obligation_id": "obl-612327196aa9-24",
      "change": {
        "path": "frontend/components/primitives/panel/panel.tsx",
        "change_type": "modified",
        "symbol": null,
        "old_path": null,
        "source_paths": [
          "frontend/components/primitives/panel/panel.tsx",
          "frontend/lib/hooks/use-cashflow.ts",
          "frontend/lib/hooks/use-networth.ts"
        ],
        "primary_source_path": "frontend/components/primitives/panel/panel.tsx"
      },
      "capability": {
        "capability_id": "cashflow-engine",
        "authority": "ControlPlanePlanner",
        "severity": "required",
        "description": ""
      },
      "requirement": {
        "requirement_id": "req-612327196aa9-24",
        "capability_id": "cashflow-engine",
        "obligation_kind": "unit",
        "rationale": "Directly affected by change",
        "severity": "required",
        "target": "run_contract_tests"
      },
      "disposition": "open",
      "task_id": "task-0005",
      "evidence": [],
      "reasons": [
        "Directly affected by change"
      ],
      "created_at": "2026-09-20T10:59:15.665714+00:00",
      "closed_at": null,
      "fingerprint": "d888388885d9642903b0a90339bf5f1d3cf816abe4b5974e1165487de30983de"
    },
    {
      "obligation_id": "obl-612327196aa9-25",
      "change": {
        "path": "frontend/components/primitives/panel/panel.tsx",
        "change_type": "modified",
        "symbol": null,
        "old_path": null,
        "source_paths": [
          "frontend/components/primitives/panel/panel.tsx",
          "frontend/lib/hooks/use-cashflow.ts",
          "frontend/lib/hooks/use-networth.ts"
        ],
        "primary_source_path": "frontend/components/primitives/panel/panel.tsx"
      },
      "capability": {
        "capability_id": "cashflow-engine",
        "authority": "ControlPlanePlanner",
        "severity": "required",
        "description": ""
      },
      "requirement": {
        "requirement_id": "req-612327196aa9-25",
        "capability_id": "cashflow-engine",
        "obligation_kind": "unit",
        "rationale": "Directly affected by change",
        "severity": "required",
        "target": "run_backend_verification"
      },
      "disposition": "open",
      "task_id": "task-0006",
      "evidence": [],
      "reasons": [
        "Directly affected by change"
      ],
      "created_at": "2026-09-20T10:59:15.665731+00:00",
      "closed_at": null,
      "fingerprint": "121bec5ca6ddedeff3c1245cabee14e9047526801b83a6126ce983b89e2bb4ca"
    },
    {
      "obligation_id": "obl-612327196aa9-26",
      "change": {
        "path": "frontend/components/primitives/panel/panel.tsx",
        "change_type": "modified",
        "symbol": null,
        "old_path": null,
        "source_paths": [
          "frontend/components/primitives/panel/panel.tsx",
          "frontend/lib/hooks/use-cashflow.ts",
          "frontend/lib/hooks/use-networth.ts"
        ],
        "primary_source_path": "frontend/components/primitives/panel/panel.tsx"
      },
      "capability": {
        "capability_id": "cashflow-engine",
        "authority": "ControlPlanePlanner",
        "severity": "required",
        "description": ""
      },
      "requirement": {
        "requirement_id": "req-612327196aa9-26",
        "capability_id": "cashflow-engine",
        "obligation_kind": "unit",
        "rationale": "Directly affected by change",
        "severity": "required",
        "target": "run_fast_checks"
      },
      "disposition": "open",
      "task_id": "task-0007",
      "evidence": [],
      "reasons": [
        "Directly affected by change"
      ],
      "created_at": "2026-09-20T10:59:15.665748+00:00",
      "closed_at": null,
      "fingerprint": "df47e24df81d45d71f47288aa48601364a69431e4119ed6f04b93f926c7550ce"
    },
    {
      "obligation_id": "obl-612327196aa9-27",
      "change": {
        "path": "frontend/components/primitives/panel/panel.tsx",
        "change_type": "modified",
        "symbol": null,
        "old_path": null,
        "source_paths": [
          "frontend/components/primitives/panel/panel.tsx",
          "frontend/lib/hooks/use-cards.ts"
        ],
        "primary_source_path": "frontend/components/primitives/panel/panel.tsx"
      },
      "capability": {
        "capability_id": "credit-card-engine",
        "authority": "ControlPlanePlanner",
        "severity": "required",
        "description": ""
      },
      "requirement": {
        "requirement_id": "req-612327196aa9-27",
        "capability_id": "credit-card-engine",
        "obligation_kind": "property",
        "rationale": "Directly affected by change",
        "severity": "required",
        "target": "property"
      },
      "disposition": "open",
      "task_id": "task-0001",
      "evidence": [],
      "reasons": [
        "Directly affected by change"
      ],
      "created_at": "2026-09-20T10:59:15.665765+00:00",
      "closed_at": null,
      "fingerprint": "30ef4f2d802503472867435922ef6349a685c13513cc16d0d3f8b7ea131ea9d4"
    },
    {
      "obligation_id": "obl-612327196aa9-28",
      "change": {
        "path": "frontend/components/primitives/panel/panel.tsx",
        "change_type": "modified",
        "symbol": null,
        "old_path": null,
        "source_paths": [
          "frontend/components/primitives/panel/panel.tsx",
          "frontend/lib/hooks/use-cards.ts"
        ],
        "primary_source_path": "frontend/components/primitives/panel/panel.tsx"
      },
      "capability": {
        "capability_id": "credit-card-engine",
        "authority": "ControlPlanePlanner",
        "severity": "required",
        "description": ""
      },
      "requirement": {
        "requirement_id": "req-612327196aa9-28",
        "capability_id": "credit-card-engine",
        "obligation_kind": "contract",
        "rationale": "Directly affected by change",
        "severity": "required",
        "target": "contracts"
      },
      "disposition": "open",
      "task_id": "task-0002",
      "evidence": [],
      "reasons": [
        "Directly affected by change"
      ],
      "created_at": "2026-09-20T10:59:15.665783+00:00",
      "closed_at": null,
      "fingerprint": "5475be4749c38e5282c7a10c6e1a3a64697b62154f888376bff74c1c4551c8cd"
    },
    {
      "obligation_id": "obl-612327196aa9-29",
      "change": {
        "path": "frontend/components/primitives/panel/panel.tsx",
        "change_type": "modified",
        "symbol": null,
        "old_path": null,
        "source_paths": [
          "frontend/components/primitives/panel/panel.tsx",
          "frontend/lib/hooks/use-cards.ts"
        ],
        "primary_source_path": "frontend/components/primitives/panel/panel.tsx"
      },
      "capability": {
        "capability_id": "credit-card-engine",
        "authority": "ControlPlanePlanner",
        "severity": "required",
        "description": ""
      },
      "requirement": {
        "requirement_id": "req-612327196aa9-29",
        "capability_id": "credit-card-engine",
        "obligation_kind": "unit",
        "rationale": "Directly affected by change",
        "severity": "required",
        "target": "backend"
      },
      "disposition": "open",
      "task_id": "task-0003",
      "evidence": [],
      "reasons": [
        "Directly affected by change"
      ],
      "created_at": "2026-09-20T10:59:15.665799+00:00",
      "closed_at": null,
      "fingerprint": "496c9baafa2a0cdb1880884b891a989029d4dc5441bb7ab5e1e343cd4cc1aee6"
    },
    {
      "obligation_id": "obl-612327196aa9-30",
      "change": {
        "path": "frontend/components/primitives/panel/panel.tsx",
        "change_type": "modified",
        "symbol": null,
        "old_path": null,
        "source_paths": [
          "frontend/components/primitives/panel/panel.tsx",
          "frontend/lib/hooks/use-cards.ts"
        ],
        "primary_source_path": "frontend/components/primitives/panel/panel.tsx"
      },
      "capability": {
        "capability_id": "credit-card-engine",
        "authority": "ControlPlanePlanner",
        "severity": "required",
        "description": ""
      },
      "requirement": {
        "requirement_id": "req-612327196aa9-30",
        "capability_id": "credit-card-engine",
        "obligation_kind": "unit",
        "rationale": "Directly affected by change",
        "severity": "required",
        "target": "run_property_tests"
      },
      "disposition": "open",
      "task_id": "task-0004",
      "evidence": [],
      "reasons": [
        "Directly affected by change"
      ],
      "created_at": "2026-09-20T10:59:15.665816+00:00",
      "closed_at": null,
      "fingerprint": "95d7a9d925668d2682d0e0e0f36092e2c1f8f1c9fd1eddd85312c0cb0fde9682"
    },
    {
      "obligation_id": "obl-612327196aa9-31",
      "change": {
        "path": "frontend/components/primitives/panel/panel.tsx",
        "change_type": "modified",
        "symbol": null,
        "old_path": null,
        "source_paths": [
          "frontend/components/primitives/panel/panel.tsx",
          "frontend/lib/hooks/use-cards.ts"
        ],
        "primary_source_path": "frontend/components/primitives/panel/panel.tsx"
      },
      "capability": {
        "capability_id": "credit-card-engine",
        "authority": "ControlPlanePlanner",
        "severity": "required",
        "description": ""
      },
      "requirement": {
        "requirement_id": "req-612327196aa9-31",
        "capability_id": "credit-card-engine",
        "obligation_kind": "unit",
        "rationale": "Directly affected by change",
        "severity": "required",
        "target": "run_contract_tests"
      },
      "disposition": "open",
      "task_id": "task-0005",
      "evidence": [],
      "reasons": [
        "Directly affected by change"
      ],
      "created_at": "2026-09-20T10:59:15.665833+00:00",
      "closed_at": null,
      "fingerprint": "0b6ac48d8e09085e2daffeda6167fb14103d1fcb7a35a342e001e07a0a1062ac"
    },
    {
      "obligation_id": "obl-612327196aa9-32",
      "change": {
        "path": "frontend/components/primitives/panel/panel.tsx",
        "change_type": "modified",
        "symbol": null,
        "old_path": null,
        "source_paths": [
          "frontend/components/primitives/panel/panel.tsx",
          "frontend/lib/hooks/use-cards.ts"
        ],
        "primary_source_path": "frontend/components/primitives/panel/panel.tsx"
      },
      "capability": {
        "capability_id": "credit-card-engine",
        "authority": "ControlPlanePlanner",
        "severity": "required",
        "description": ""
      },
      "requirement": {
        "requirement_id": "req-612327196aa9-32",
        "capability_id": "credit-card-engine",
        "obligation_kind": "unit",
        "rationale": "Directly affected by change",
        "severity": "required",
        "target": "run_backend_verification"
      },
      "disposition": "open",
      "task_id": "task-0006",
      "evidence": [],
      "reasons": [
        "Directly affected by change"
      ],
      "created_at": "2026-09-20T10:59:15.665849+00:00",
      "closed_at": null,
      "fingerprint": "4479558d0028022f38017ba815bed677e294f1bd1c58f469d971c4e27445e965"
    },
    {
      "obligation_id": "obl-612327196aa9-33",
      "change": {
        "path": "frontend/components/primitives/panel/panel.tsx",
        "change_type": "modified",
        "symbol": null,
        "old_path": null,
        "source_paths": [
          "frontend/components/primitives/panel/panel.tsx",
          "frontend/lib/hooks/use-cards.ts"
        ],
        "primary_source_path": "frontend/components/primitives/panel/panel.tsx"
      },
      "capability": {
        "capability_id": "credit-card-engine",
        "authority": "ControlPlanePlanner",
        "severity": "required",
        "description": ""
      },
      "requirement": {
        "requirement_id": "req-612327196aa9-33",
        "capability_id": "credit-card-engine",
        "obligation_kind": "unit",
        "rationale": "Directly affected by change",
        "severity": "required",
        "target": "run_fast_checks"
      },
      "disposition": "open",
      "task_id": "task-0007",
      "evidence": [],
      "reasons": [
        "Directly affected by change"
      ],
      "created_at": "2026-09-20T10:59:15.665865+00:00",
      "closed_at": null,
      "fingerprint": "4f02fbc45f4b119b55074833dd670ff6a105e80cbc6793c58d4f57690c48301f"
    },
    {
      "obligation_id": "obl-612327196aa9-34",
      "change": {
        "path": "backend/src/engines/financial_intelligence/goal_planner.py",
        "change_type": "modified",
        "symbol": null,
        "old_path": null,
        "source_paths": [
          "backend/src/engines/financial_intelligence/goal_planner.py",
          "backend/src/engines/financial_intelligence/intelligence.py",
          "backend/src/engines/financial_intelligence/optimization.py"
        ],
        "primary_source_path": "backend/src/engines/financial_intelligence/goal_planner.py"
      },
      "capability": {
        "capability_id": "financial-intelligence",
        "authority": "ControlPlanePlanner",
        "severity": "required",
        "description": ""
      },
      "requirement": {
        "requirement_id": "req-612327196aa9-34",
        "capability_id": "financial-intelligence",
        "obligation_kind": "property",
        "rationale": "Directly affected by change",
        "severity": "required",
        "target": "property"
      },
      "disposition": "open",
      "task_id": "task-0001",
      "evidence": [],
      "reasons": [
        "Directly affected by change"
      ],
      "created_at": "2026-09-20T10:59:15.665882+00:00",
      "closed_at": null,
      "fingerprint": "2ec379f68b58a8891bc19fb9c3b3a12bebfc1f2b04a2f324a99f27a014b84bd1"
    },
    {
      "obligation_id": "obl-612327196aa9-35",
      "change": {
        "path": "backend/src/engines/financial_intelligence/goal_planner.py",
        "change_type": "modified",
        "symbol": null,
        "old_path": null,
        "source_paths": [
          "backend/src/engines/financial_intelligence/goal_planner.py",
          "backend/src/engines/financial_intelligence/intelligence.py",
          "backend/src/engines/financial_intelligence/optimization.py"
        ],
        "primary_source_path": "backend/src/engines/financial_intelligence/goal_planner.py"
      },
      "capability": {
        "capability_id": "financial-intelligence",
        "authority": "ControlPlanePlanner",
        "severity": "required",
        "description": ""
      },
      "requirement": {
        "requirement_id": "req-612327196aa9-35",
        "capability_id": "financial-intelligence",
        "obligation_kind": "contract",
        "rationale": "Directly affected by change",
        "severity": "required",
        "target": "contracts"
      },
      "disposition": "open",
      "task_id": "task-0002",
      "evidence": [],
      "reasons": [
        "Directly affected by change"
      ],
      "created_at": "2026-09-20T10:59:15.665899+00:00",
      "closed_at": null,
      "fingerprint": "3d6aeb51066deab1bbe7f36d6d68c8ec1bd5a9915701e09c20832956270c2eb9"
    },
    {
      "obligation_id": "obl-612327196aa9-36",
      "change": {
        "path": "backend/src/engines/financial_intelligence/goal_planner.py",
        "change_type": "modified",
        "symbol": null,
        "old_path": null,
        "source_paths": [
          "backend/src/engines/financial_intelligence/goal_planner.py",
          "backend/src/engines/financial_intelligence/intelligence.py",
          "backend/src/engines/financial_intelligence/optimization.py"
        ],
        "primary_source_path": "backend/src/engines/financial_intelligence/goal_planner.py"
      },
      "capability": {
        "capability_id": "financial-intelligence",
        "authority": "ControlPlanePlanner",
        "severity": "required",
        "description": ""
      },
      "requirement": {
        "requirement_id": "req-612327196aa9-36",
        "capability_id": "financial-intelligence",
        "obligation_kind": "unit",
        "rationale": "Directly affected by change",
        "severity": "required",
        "target": "backend"
      },
      "disposition": "open",
      "task_id": "task-0003",
      "evidence": [],
      "reasons": [
        "Directly affected by change"
      ],
      "created_at": "2026-09-20T10:59:15.665915+00:00",
      "closed_at": null,
      "fingerprint": "362d76a849d7f79e0f59a68d0db9ccffc88a736af7d618c06227f701cce3a929"
    },
    {
      "obligation_id": "obl-612327196aa9-37",
      "change": {
        "path": "backend/src/engines/financial_intelligence/goal_planner.py",
        "change_type": "modified",
        "symbol": null,
        "old_path": null,
        "source_paths": [
          "backend/src/engines/financial_intelligence/goal_planner.py",
          "backend/src/engines/financial_intelligence/intelligence.py",
          "backend/src/engines/financial_intelligence/optimization.py"
        ],
        "primary_source_path": "backend/src/engines/financial_intelligence/goal_planner.py"
      },
      "capability": {
        "capability_id": "financial-intelligence",
        "authority": "ControlPlanePlanner",
        "severity": "required",
        "description": ""
      },
      "requirement": {
        "requirement_id": "req-612327196aa9-37",
        "capability_id": "financial-intelligence",
        "obligation_kind": "unit",
        "rationale": "Directly affected by change",
        "severity": "required",
        "target": "run_property_tests"
      },
      "disposition": "open",
      "task_id": "task-0004",
      "evidence": [],
      "reasons": [
        "Directly affected by change"
      ],
      "created_at": "2026-09-20T10:59:15.665932+00:00",
      "closed_at": null,
      "fingerprint": "a20c059dcbf2f48aa05ff4507978e1553b4868fbd4139a618c129bfe23044890"
    },
    {
      "obligation_id": "obl-612327196aa9-38",
      "change": {
        "path": "backend/src/engines/financial_intelligence/goal_planner.py",
        "change_type": "modified",
        "symbol": null,
        "old_path": null,
        "source_paths": [
          "backend/src/engines/financial_intelligence/goal_planner.py",
          "backend/src/engines/financial_intelligence/intelligence.py",
          "backend/src/engines/financial_intelligence/optimization.py"
        ],
        "primary_source_path": "backend/src/engines/financial_intelligence/goal_planner.py"
      },
      "capability": {
        "capability_id": "financial-intelligence",
        "authority": "ControlPlanePlanner",
        "severity": "required",
        "description": ""
      },
      "requirement": {
        "requirement_id": "req-612327196aa9-38",
        "capability_id": "financial-intelligence",
        "obligation_kind": "unit",
        "rationale": "Directly affected by change",
        "severity": "required",
        "target": "run_contract_tests"
      },
      "disposition": "open",
      "task_id": "task-0005",
      "evidence": [],
      "reasons": [
        "Directly affected by change"
      ],
      "created_at": "2026-09-20T10:59:15.665949+00:00",
      "closed_at": null,
      "fingerprint": "5d8905e368e5e1d6a3b71e85484139d58ad3ab8da0e18dd0762f1c382b67e1f3"
    },
    {
      "obligation_id": "obl-612327196aa9-39",
      "change": {
        "path": "backend/src/engines/financial_intelligence/goal_planner.py",
        "change_type": "modified",
        "symbol": null,
        "old_path": null,
        "source_paths": [
          "backend/src/engines/financial_intelligence/goal_planner.py",
          "backend/src/engines/financial_intelligence/intelligence.py",
          "backend/src/engines/financial_intelligence/optimization.py"
        ],
        "primary_source_path": "backend/src/engines/financial_intelligence/goal_planner.py"
      },
      "capability": {
        "capability_id": "financial-intelligence",
        "authority": "ControlPlanePlanner",
        "severity": "required",
        "description": ""
      },
      "requirement": {
        "requirement_id": "req-612327196aa9-39",
        "capability_id": "financial-intelligence",
        "obligation_kind": "unit",
        "rationale": "Directly affected by change",
        "severity": "required",
        "target": "run_backend_verification"
      },
      "disposition": "open",
      "task_id": "task-0006",
      "evidence": [],
      "reasons": [
        "Directly affected by change"
      ],
      "created_at": "2026-09-20T10:59:15.665965+00:00",
      "closed_at": null,
      "fingerprint": "927db6031965c3948e34e7f96b1bcd75c208310b3170fbfc0891897bb95728ed"
    },
    {
      "obligation_id": "obl-612327196aa9-40",
      "change": {
        "path": "backend/src/engines/financial_intelligence/goal_planner.py",
        "change_type": "modified",
        "symbol": null,
        "old_path": null,
        "source_paths": [
          "backend/src/engines/financial_intelligence/goal_planner.py",
          "backend/src/engines/financial_intelligence/intelligence.py",
          "backend/src/engines/financial_intelligence/optimization.py"
        ],
        "primary_source_path": "backend/src/engines/financial_intelligence/goal_planner.py"
      },
      "capability": {
        "capability_id": "financial-intelligence",
        "authority": "ControlPlanePlanner",
        "severity": "required",
        "description": ""
      },
      "requirement": {
        "requirement_id": "req-612327196aa9-40",
        "capability_id": "financial-intelligence",
        "obligation_kind": "unit",
        "rationale": "Directly affected by change",
        "severity": "required",
        "target": "run_fast_checks"
      },
      "disposition": "open",
      "task_id": "task-0007",
      "evidence": [],
      "reasons": [
        "Directly affected by change"
      ],
      "created_at": "2026-09-20T10:59:15.665980+00:00",
      "closed_at": null,
      "fingerprint": "cb0ee69aaf2be253f6d8efb237e806864e266f9ef19fd20fd1e633d135a8fd06"
    },
    {
      "obligation_id": "obl-612327196aa9-41",
      "change": {
        "path": "backend/src/routers/transactions.py",
        "change_type": "modified",
        "symbol": null,
        "old_path": null,
        "source_paths": [
          "backend/src/routers/transactions.py",
          "frontend/components/primitives/panel/panel.tsx",
          "frontend/lib/hooks/use-analytics.ts",
          "frontend/lib/hooks/use-dashboard-metrics.ts",
          "frontend/lib/hooks/use-investments.ts",
          "frontend/lib/hooks/use-overview.ts",
          "frontend/lib/hooks/use-query-finance.ts"
        ],
        "primary_source_path": "backend/src/routers/transactions.py"
      },
      "capability": {
        "capability_id": "ledger",
        "authority": "ControlPlanePlanner",
        "severity": "required",
        "description": ""
      },
      "requirement": {
        "requirement_id": "req-612327196aa9-41",
        "capability_id": "ledger",
        "obligation_kind": "contract",
        "rationale": "Directly affected by change; Reusing 1 evidence artifacts",
        "severity": "required",
        "target": "contracts"
      },
      "disposition": "open",
      "task_id": "task-0001",
      "evidence": [],
      "reasons": [
        "Directly affected by change; Reusing 1 evidence artifacts"
      ],
      "created_at": "2026-09-20T10:59:15.665999+00:00",
      "closed_at": null,
      "fingerprint": "3639d0aa659365e11d747c1c4f9820f661344cd75789de8851daff73df42defd"
    },
    {
      "obligation_id": "obl-612327196aa9-42",
      "change": {
        "path": "backend/src/routers/transactions.py",
        "change_type": "modified",
        "symbol": null,
        "old_path": null,
        "source_paths": [
          "backend/src/routers/transactions.py",
          "frontend/components/primitives/panel/panel.tsx",
          "frontend/lib/hooks/use-analytics.ts",
          "frontend/lib/hooks/use-dashboard-metrics.ts",
          "frontend/lib/hooks/use-investments.ts",
          "frontend/lib/hooks/use-overview.ts",
          "frontend/lib/hooks/use-query-finance.ts"
        ],
        "primary_source_path": "backend/src/routers/transactions.py"
      },
      "capability": {
        "capability_id": "ledger",
        "authority": "ControlPlanePlanner",
        "severity": "required",
        "description": ""
      },
      "requirement": {
        "requirement_id": "req-612327196aa9-42",
        "capability_id": "ledger",
        "obligation_kind": "unit",
        "rationale": "Directly affected by change; Reusing 1 evidence artifacts",
        "severity": "required",
        "target": "backend"
      },
      "disposition": "open",
      "task_id": "task-0002",
      "evidence": [],
      "reasons": [
        "Directly affected by change; Reusing 1 evidence artifacts"
      ],
      "created_at": "2026-09-20T10:59:15.666016+00:00",
      "closed_at": null,
      "fingerprint": "e9f1b429e2105cfa95e657d46d84933caac0477907fe00ae96d96f5b2c90e064"
    },
    {
      "obligation_id": "obl-612327196aa9-43",
      "change": {
        "path": "backend/src/routers/transactions.py",
        "change_type": "modified",
        "symbol": null,
        "old_path": null,
        "source_paths": [
          "backend/src/routers/transactions.py",
          "frontend/components/primitives/panel/panel.tsx",
          "frontend/lib/hooks/use-analytics.ts",
          "frontend/lib/hooks/use-dashboard-metrics.ts",
          "frontend/lib/hooks/use-investments.ts",
          "frontend/lib/hooks/use-overview.ts",
          "frontend/lib/hooks/use-query-finance.ts"
        ],
        "primary_source_path": "backend/src/routers/transactions.py"
      },
      "capability": {
        "capability_id": "ledger",
        "authority": "ControlPlanePlanner",
        "severity": "required",
        "description": ""
      },
      "requirement": {
        "requirement_id": "req-612327196aa9-43",
        "capability_id": "ledger",
        "obligation_kind": "integration",
        "rationale": "Directly affected by change; Reusing 1 evidence artifacts",
        "severity": "required",
        "target": "integration"
      },
      "disposition": "open",
      "task_id": "task-0003",
      "evidence": [],
      "reasons": [
        "Directly affected by change; Reusing 1 evidence artifacts"
      ],
      "created_at": "2026-09-20T10:59:15.666035+00:00",
      "closed_at": null,
      "fingerprint": "13fdb16252a165d396bccdbbcf375cbf014b7150c7129307930ddc038ee0e4c3"
    },
    {
      "obligation_id": "obl-612327196aa9-44",
      "change": {
        "path": "backend/src/routers/transactions.py",
        "change_type": "modified",
        "symbol": null,
        "old_path": null,
        "source_paths": [
          "backend/src/routers/transactions.py",
          "frontend/components/primitives/panel/panel.tsx",
          "frontend/lib/hooks/use-analytics.ts",
          "frontend/lib/hooks/use-dashboard-metrics.ts",
          "frontend/lib/hooks/use-investments.ts",
          "frontend/lib/hooks/use-overview.ts",
          "frontend/lib/hooks/use-query-finance.ts"
        ],
        "primary_source_path": "backend/src/routers/transactions.py"
      },
      "capability": {
        "capability_id": "ledger",
        "authority": "ControlPlanePlanner",
        "severity": "required",
        "description": ""
      },
      "requirement": {
        "requirement_id": "req-612327196aa9-44",
        "capability_id": "ledger",
        "obligation_kind": "unit",
        "rationale": "Directly affected by change; Reusing 1 evidence artifacts",
        "severity": "required",
        "target": "run_contract_tests"
      },
      "disposition": "open",
      "task_id": "task-0004",
      "evidence": [],
      "reasons": [
        "Directly affected by change; Reusing 1 evidence artifacts"
      ],
      "created_at": "2026-09-20T10:59:15.666053+00:00",
      "closed_at": null,
      "fingerprint": "e6f6a6546842e50928223f959ea64594f75172eb5d711e301a1ffb80df4f8269"
    },
    {
      "obligation_id": "obl-612327196aa9-45",
      "change": {
        "path": "backend/src/routers/transactions.py",
        "change_type": "modified",
        "symbol": null,
        "old_path": null,
        "source_paths": [
          "backend/src/routers/transactions.py",
          "frontend/components/primitives/panel/panel.tsx",
          "frontend/lib/hooks/use-analytics.ts",
          "frontend/lib/hooks/use-dashboard-metrics.ts",
          "frontend/lib/hooks/use-investments.ts",
          "frontend/lib/hooks/use-overview.ts",
          "frontend/lib/hooks/use-query-finance.ts"
        ],
        "primary_source_path": "backend/src/routers/transactions.py"
      },
      "capability": {
        "capability_id": "ledger",
        "authority": "ControlPlanePlanner",
        "severity": "required",
        "description": ""
      },
      "requirement": {
        "requirement_id": "req-612327196aa9-45",
        "capability_id": "ledger",
        "obligation_kind": "unit",
        "rationale": "Directly affected by change; Reusing 1 evidence artifacts",
        "severity": "required",
        "target": "run_backend_verification"
      },
      "disposition": "open",
      "task_id": "task-0005",
      "evidence": [],
      "reasons": [
        "Directly affected by change; Reusing 1 evidence artifacts"
      ],
      "created_at": "2026-09-20T10:59:15.666069+00:00",
      "closed_at": null,
      "fingerprint": "d695a40b10c3a6bb4b9abcfe775e8c45e8c4c7b9a60397034a98d5b6a7dc67d8"
    },
    {
      "obligation_id": "obl-612327196aa9-46",
      "change": {
        "path": "backend/src/routers/transactions.py",
        "change_type": "modified",
        "symbol": null,
        "old_path": null,
        "source_paths": [
          "backend/src/routers/transactions.py",
          "frontend/components/primitives/panel/panel.tsx",
          "frontend/lib/hooks/use-analytics.ts",
          "frontend/lib/hooks/use-dashboard-metrics.ts",
          "frontend/lib/hooks/use-investments.ts",
          "frontend/lib/hooks/use-overview.ts",
          "frontend/lib/hooks/use-query-finance.ts"
        ],
        "primary_source_path": "backend/src/routers/transactions.py"
      },
      "capability": {
        "capability_id": "ledger",
        "authority": "ControlPlanePlanner",
        "severity": "required",
        "description": ""
      },
      "requirement": {
        "requirement_id": "req-612327196aa9-46",
        "capability_id": "ledger",
        "obligation_kind": "unit",
        "rationale": "Directly affected by change; Reusing 1 evidence artifacts",
        "severity": "required",
        "target": "run_fast_checks"
      },
      "disposition": "open",
      "task_id": "task-0006",
      "evidence": [],
      "reasons": [
        "Directly affected by change; Reusing 1 evidence artifacts"
      ],
      "created_at": "2026-09-20T10:59:15.666086+00:00",
      "closed_at": null,
      "fingerprint": "5a7a148183e658005935893d80473796db21ee6044c1be144d81d942a85fbe36"
    },
    {
      "obligation_id": "obl-612327196aa9-47",
      "change": {
        "path": "backend/src/engines/loan_engine/emi.py",
        "change_type": "modified",
        "symbol": null,
        "old_path": null,
        "source_paths": [
          "backend/src/engines/loan_engine/emi.py",
          "backend/src/engines/loan_engine/prepayment.py",
          "frontend/components/primitives/panel/panel.tsx",
          "frontend/lib/hooks/use-loans.ts"
        ],
        "primary_source_path": "backend/src/engines/loan_engine/emi.py"
      },
      "capability": {
        "capability_id": "loan-engine",
        "authority": "ControlPlanePlanner",
        "severity": "required",
        "description": ""
      },
      "requirement": {
        "requirement_id": "req-612327196aa9-47",
        "capability_id": "loan-engine",
        "obligation_kind": "property",
        "rationale": "Directly affected by change",
        "severity": "required",
        "target": "property"
      },
      "disposition": "open",
      "task_id": "task-0001",
      "evidence": [],
      "reasons": [
        "Directly affected by change"
      ],
      "created_at": "2026-09-20T10:59:15.666103+00:00",
      "closed_at": null,
      "fingerprint": "62eeee0ef3c128c15206d6985486d055e48ffeecfe5b9f2526512aae9467ef96"
    },
    {
      "obligation_id": "obl-612327196aa9-48",
      "change": {
        "path": "backend/src/engines/loan_engine/emi.py",
        "change_type": "modified",
        "symbol": null,
        "old_path": null,
        "source_paths": [
          "backend/src/engines/loan_engine/emi.py",
          "backend/src/engines/loan_engine/prepayment.py",
          "frontend/components/primitives/panel/panel.tsx",
          "frontend/lib/hooks/use-loans.ts"
        ],
        "primary_source_path": "backend/src/engines/loan_engine/emi.py"
      },
      "capability": {
        "capability_id": "loan-engine",
        "authority": "ControlPlanePlanner",
        "severity": "required",
        "description": ""
      },
      "requirement": {
        "requirement_id": "req-612327196aa9-48",
        "capability_id": "loan-engine",
        "obligation_kind": "contract",
        "rationale": "Directly affected by change",
        "severity": "required",
        "target": "contracts"
      },
      "disposition": "open",
      "task_id": "task-0002",
      "evidence": [],
      "reasons": [
        "Directly affected by change"
      ],
      "created_at": "2026-09-20T10:59:15.666122+00:00",
      "closed_at": null,
      "fingerprint": "fb03f02008107e8d96ef3f84a10f0cca1a818f550506c6c10a722fe87eb344b9"
    },
    {
      "obligation_id": "obl-612327196aa9-49",
      "change": {
        "path": "backend/src/engines/loan_engine/emi.py",
        "change_type": "modified",
        "symbol": null,
        "old_path": null,
        "source_paths": [
          "backend/src/engines/loan_engine/emi.py",
          "backend/src/engines/loan_engine/prepayment.py",
          "frontend/components/primitives/panel/panel.tsx",
          "frontend/lib/hooks/use-loans.ts"
        ],
        "primary_source_path": "backend/src/engines/loan_engine/emi.py"
      },
      "capability": {
        "capability_id": "loan-engine",
        "authority": "ControlPlanePlanner",
        "severity": "required",
        "description": ""
      },
      "requirement": {
        "requirement_id": "req-612327196aa9-49",
        "capability_id": "loan-engine",
        "obligation_kind": "unit",
        "rationale": "Directly affected by change",
        "severity": "required",
        "target": "backend"
      },
      "disposition": "open",
      "task_id": "task-0003",
      "evidence": [],
      "reasons": [
        "Directly affected by change"
      ],
      "created_at": "2026-09-20T10:59:15.666138+00:00",
      "closed_at": null,
      "fingerprint": "271aaffa88956635c0679adee40a81d5d5f8cbcaa14d7f9d7843706336c516e7"
    },
    {
      "obligation_id": "obl-612327196aa9-50",
      "change": {
        "path": "backend/src/engines/loan_engine/emi.py",
        "change_type": "modified",
        "symbol": null,
        "old_path": null,
        "source_paths": [
          "backend/src/engines/loan_engine/emi.py",
          "backend/src/engines/loan_engine/prepayment.py",
          "frontend/components/primitives/panel/panel.tsx",
          "frontend/lib/hooks/use-loans.ts"
        ],
        "primary_source_path": "backend/src/engines/loan_engine/emi.py"
      },
      "capability": {
        "capability_id": "loan-engine",
        "authority": "ControlPlanePlanner",
        "severity": "required",
        "description": ""
      },
      "requirement": {
        "requirement_id": "req-612327196aa9-50",
        "capability_id": "loan-engine",
        "obligation_kind": "unit",
        "rationale": "Directly affected by change",
        "severity": "required",
        "target": "run_property_tests"
      },
      "disposition": "open",
      "task_id": "task-0004",
      "evidence": [],
      "reasons": [
        "Directly affected by change"
      ],
      "created_at": "2026-09-20T10:59:15.666155+00:00",
      "closed_at": null,
      "fingerprint": "b8591347e8bfee1ee5c0595e33e0bcd42c0499b86c8f4a8ddb5bfa3adf703295"
    },
    {
      "obligation_id": "obl-612327196aa9-51",
      "change": {
        "path": "backend/src/engines/loan_engine/emi.py",
        "change_type": "modified",
        "symbol": null,
        "old_path": null,
        "source_paths": [
          "backend/src/engines/loan_engine/emi.py",
          "backend/src/engines/loan_engine/prepayment.py",
          "frontend/components/primitives/panel/panel.tsx",
          "frontend/lib/hooks/use-loans.ts"
        ],
        "primary_source_path": "backend/src/engines/loan_engine/emi.py"
      },
      "capability": {
        "capability_id": "loan-engine",
        "authority": "ControlPlanePlanner",
        "severity": "required",
        "description": ""
      },
      "requirement": {
        "requirement_id": "req-612327196aa9-51",
        "capability_id": "loan-engine",
        "obligation_kind": "unit",
        "rationale": "Directly affected by change",
        "severity": "required",
        "target": "run_contract_tests"
      },
      "disposition": "open",
      "task_id": "task-0005",
      "evidence": [],
      "reasons": [
        "Directly affected by change"
      ],
      "created_at": "2026-09-20T10:59:15.666172+00:00",
      "closed_at": null,
      "fingerprint": "642bfd790b0b4fb25bb6eecc48b95ccd9f0987f654b268cb0b278c5934500a0c"
    },
    {
      "obligation_id": "obl-612327196aa9-52",
      "change": {
        "path": "backend/src/engines/loan_engine/emi.py",
        "change_type": "modified",
        "symbol": null,
        "old_path": null,
        "source_paths": [
          "backend/src/engines/loan_engine/emi.py",
          "backend/src/engines/loan_engine/prepayment.py",
          "frontend/components/primitives/panel/panel.tsx",
          "frontend/lib/hooks/use-loans.ts"
        ],
        "primary_source_path": "backend/src/engines/loan_engine/emi.py"
      },
      "capability": {
        "capability_id": "loan-engine",
        "authority": "ControlPlanePlanner",
        "severity": "required",
        "description": ""
      },
      "requirement": {
        "requirement_id": "req-612327196aa9-52",
        "capability_id": "loan-engine",
        "obligation_kind": "unit",
        "rationale": "Directly affected by change",
        "severity": "required",
        "target": "run_backend_verification"
      },
      "disposition": "open",
      "task_id": "task-0006",
      "evidence": [],
      "reasons": [
        "Directly affected by change"
      ],
      "created_at": "2026-09-20T10:59:15.666189+00:00",
      "closed_at": null,
      "fingerprint": "fc4f5f8566ffa12e5b676ee0cf0c73bdeb1b8738758a17075f5d85945f60b335"
    },
    {
      "obligation_id": "obl-612327196aa9-53",
      "change": {
        "path": "backend/src/engines/loan_engine/emi.py",
        "change_type": "modified",
        "symbol": null,
        "old_path": null,
        "source_paths": [
          "backend/src/engines/loan_engine/emi.py",
          "backend/src/engines/loan_engine/prepayment.py",
          "frontend/components/primitives/panel/panel.tsx",
          "frontend/lib/hooks/use-loans.ts"
        ],
        "primary_source_path": "backend/src/engines/loan_engine/emi.py"
      },
      "capability": {
        "capability_id": "loan-engine",
        "authority": "ControlPlanePlanner",
        "severity": "required",
        "description": ""
      },
      "requirement": {
        "requirement_id": "req-612327196aa9-53",
        "capability_id": "loan-engine",
        "obligation_kind": "unit",
        "rationale": "Directly affected by change",
        "severity": "required",
        "target": "run_fast_checks"
      },
      "disposition": "open",
      "task_id": "task-0007",
      "evidence": [],
      "reasons": [
        "Directly affected by change"
      ],
      "created_at": "2026-09-20T10:59:15.666206+00:00",
      "closed_at": null,
      "fingerprint": "391f44b7b2a7ee7828c99c8a863c22829ee87adad4f650b50202584f05602279"
    },
    {
      "obligation_id": "obl-612327196aa9-54",
      "change": {
        "path": "backend/src/routers/reconciliation.py",
        "change_type": "modified",
        "symbol": null,
        "old_path": null,
        "source_paths": [
          "backend/src/routers/reconciliation.py"
        ],
        "primary_source_path": "backend/src/routers/reconciliation.py"
      },
      "capability": {
        "capability_id": "reconciliation",
        "authority": "ControlPlanePlanner",
        "severity": "required",
        "description": ""
      },
      "requirement": {
        "requirement_id": "req-612327196aa9-54",
        "capability_id": "reconciliation",
        "obligation_kind": "property",
        "rationale": "Directly affected by change; Reusing 1 evidence artifacts",
        "severity": "required",
        "target": "property"
      },
      "disposition": "open",
      "task_id": "task-0001",
      "evidence": [],
      "reasons": [
        "Directly affected by change; Reusing 1 evidence artifacts"
      ],
      "created_at": "2026-09-20T10:59:15.666225+00:00",
      "closed_at": null,
      "fingerprint": "a3ace259a02df0cd102c0e7f39e741c67c13e95ae9b0640edc238edccfcfa6f4"
    },
    {
      "obligation_id": "obl-612327196aa9-55",
      "change": {
        "path": "backend/src/routers/reconciliation.py",
        "change_type": "modified",
        "symbol": null,
        "old_path": null,
        "source_paths": [
          "backend/src/routers/reconciliation.py"
        ],
        "primary_source_path": "backend/src/routers/reconciliation.py"
      },
      "capability": {
        "capability_id": "reconciliation",
        "authority": "ControlPlanePlanner",
        "severity": "required",
        "description": ""
      },
      "requirement": {
        "requirement_id": "req-612327196aa9-55",
        "capability_id": "reconciliation",
        "obligation_kind": "contract",
        "rationale": "Directly affected by change; Reusing 1 evidence artifacts",
        "severity": "required",
        "target": "contracts"
      },
      "disposition": "open",
      "task_id": "task-0002",
      "evidence": [],
      "reasons": [
        "Directly affected by change; Reusing 1 evidence artifacts"
      ],
      "created_at": "2026-09-20T10:59:15.666243+00:00",
      "closed_at": null,
      "fingerprint": "4bf81ea253f23e3591d8fef77d2d383bbb4a65fc71b7243024196426d600b082"
    },
    {
      "obligation_id": "obl-612327196aa9-56",
      "change": {
        "path": "backend/src/routers/reconciliation.py",
        "change_type": "modified",
        "symbol": null,
        "old_path": null,
        "source_paths": [
          "backend/src/routers/reconciliation.py"
        ],
        "primary_source_path": "backend/src/routers/reconciliation.py"
      },
      "capability": {
        "capability_id": "reconciliation",
        "authority": "ControlPlanePlanner",
        "severity": "required",
        "description": ""
      },
      "requirement": {
        "requirement_id": "req-612327196aa9-56",
        "capability_id": "reconciliation",
        "obligation_kind": "unit",
        "rationale": "Directly affected by change; Reusing 1 evidence artifacts",
        "severity": "required",
        "target": "backend"
      },
      "disposition": "open",
      "task_id": "task-0003",
      "evidence": [],
      "reasons": [
        "Directly affected by change; Reusing 1 evidence artifacts"
      ],
      "created_at": "2026-09-20T10:59:15.666262+00:00",
      "closed_at": null,
      "fingerprint": "d9a626c5b5048c9db8ca7dde86df8a6925fa95b018e8d8b01f006b9585e30c3f"
    },
    {
      "obligation_id": "obl-612327196aa9-57",
      "change": {
        "path": "backend/src/routers/reconciliation.py",
        "change_type": "modified",
        "symbol": null,
        "old_path": null,
        "source_paths": [
          "backend/src/routers/reconciliation.py"
        ],
        "primary_source_path": "backend/src/routers/reconciliation.py"
      },
      "capability": {
        "capability_id": "reconciliation",
        "authority": "ControlPlanePlanner",
        "severity": "required",
        "description": ""
      },
      "requirement": {
        "requirement_id": "req-612327196aa9-57",
        "capability_id": "reconciliation",
        "obligation_kind": "unit",
        "rationale": "Directly affected by change; Reusing 1 evidence artifacts",
        "severity": "required",
        "target": "run_property_tests"
      },
      "disposition": "open",
      "task_id": "task-0004",
      "evidence": [],
      "reasons": [
        "Directly affected by change; Reusing 1 evidence artifacts"
      ],
      "created_at": "2026-09-20T10:59:15.666281+00:00",
      "closed_at": null,
      "fingerprint": "7b4ce578daadd128c76c271aa7f9193f20c4ca158e6584248d1b76752a924c3a"
    },
    {
      "obligation_id": "obl-612327196aa9-58",
      "change": {
        "path": "backend/src/routers/reconciliation.py",
        "change_type": "modified",
        "symbol": null,
        "old_path": null,
        "source_paths": [
          "backend/src/routers/reconciliation.py"
        ],
        "primary_source_path": "backend/src/routers/reconciliation.py"
      },
      "capability": {
        "capability_id": "reconciliation",
        "authority": "ControlPlanePlanner",
        "severity": "required",
        "description": ""
      },
      "requirement": {
        "requirement_id": "req-612327196aa9-58",
        "capability_id": "reconciliation",
        "obligation_kind": "unit",
        "rationale": "Directly affected by change; Reusing 1 evidence artifacts",
        "severity": "required",
        "target": "run_contract_tests"
      },
      "disposition": "open",
      "task_id": "task-0005",
      "evidence": [],
      "reasons": [
        "Directly affected by change; Reusing 1 evidence artifacts"
      ],
      "created_at": "2026-09-20T10:59:15.666300+00:00",
      "closed_at": null,
      "fingerprint": "41a18cdf980d94120db012450879a911fef5f7f495d1e4c42170d98ec3c977a6"
    },
    {
      "obligation_id": "obl-612327196aa9-59",
      "change": {
        "path": "backend/src/routers/reconciliation.py",
        "change_type": "modified",
        "symbol": null,
        "old_path": null,
        "source_paths": [
          "backend/src/routers/reconciliation.py"
        ],
        "primary_source_path": "backend/src/routers/reconciliation.py"
      },
      "capability": {
        "capability_id": "reconciliation",
        "authority": "ControlPlanePlanner",
        "severity": "required",
        "description": ""
      },
      "requirement": {
        "requirement_id": "req-612327196aa9-59",
        "capability_id": "reconciliation",
        "obligation_kind": "unit",
        "rationale": "Directly affected by change; Reusing 1 evidence artifacts",
        "severity": "required",
        "target": "run_backend_verification"
      },
      "disposition": "open",
      "task_id": "task-0006",
      "evidence": [],
      "reasons": [
        "Directly affected by change; Reusing 1 evidence artifacts"
      ],
      "created_at": "2026-09-20T10:59:15.666318+00:00",
      "closed_at": null,
      "fingerprint": "f0ee1457d80c3b72a723b9ccf870ce29f00a32bf1629bd2449010042a9c698b3"
    },
    {
      "obligation_id": "obl-612327196aa9-60",
      "change": {
        "path": "backend/src/routers/reconciliation.py",
        "change_type": "modified",
        "symbol": null,
        "old_path": null,
        "source_paths": [
          "backend/src/routers/reconciliation.py"
        ],
        "primary_source_path": "backend/src/routers/reconciliation.py"
      },
      "capability": {
        "capability_id": "reconciliation",
        "authority": "ControlPlanePlanner",
        "severity": "required",
        "description": ""
      },
      "requirement": {
        "requirement_id": "req-612327196aa9-60",
        "capability_id": "reconciliation",
        "obligation_kind": "unit",
        "rationale": "Directly affected by change; Reusing 1 evidence artifacts",
        "severity": "required",
        "target": "run_fast_checks"
      },
      "disposition": "open",
      "task_id": "task-0007",
      "evidence": [],
      "reasons": [
        "Directly affected by change; Reusing 1 evidence artifacts"
      ],
      "created_at": "2026-09-20T10:59:15.666336+00:00",
      "closed_at": null,
      "fingerprint": "3d941ec1bfcd0f8c0638ec2065a09164793c61a9cafdeda60f49fae97fb19684"
    },
    {
      "obligation_id": "obl-612327196aa9-61",
      "change": {
        "path": "backend/src/routers/platform.py",
        "change_type": "modified",
        "symbol": null,
        "old_path": null,
        "source_paths": [
          "backend/src/routers/platform.py",
          "frontend/lib/hooks/use-platform-architecture.ts",
          "frontend/lib/hooks/use-platform-capabilities.ts",
          "frontend/lib/hooks/use-platform-diagnostics.ts",
          "frontend/lib/hooks/use-platform-events.ts",
          "frontend/lib/hooks/use-platform-health.ts",
          "frontend/lib/hooks/use-platform-tasks.ts",
          "frontend/lib/hooks/use-verification-center.ts"
        ],
        "primary_source_path": "backend/src/routers/platform.py"
      },
      "capability": {
        "capability_id": "runtime-verification",
        "authority": "ControlPlanePlanner",
        "severity": "required",
        "description": ""
      },
      "requirement": {
        "requirement_id": "req-612327196aa9-61",
        "capability_id": "runtime-verification",
        "obligation_kind": "unit",
        "rationale": "Directly affected by change",
        "severity": "required",
        "target": "runtime"
      },
      "disposition": "open",
      "task_id": "task-0001",
      "evidence": [],
      "reasons": [
        "Directly affected by change"
      ],
      "created_at": "2026-09-20T10:59:15.666355+00:00",
      "closed_at": null,
      "fingerprint": "57d914c6c5ddff28eb67c768a7b0122c5aaf36f959070b496767dc403052174a"
    },
    {
      "obligation_id": "obl-612327196aa9-62",
      "change": {
        "path": "backend/src/routers/platform.py",
        "change_type": "modified",
        "symbol": null,
        "old_path": null,
        "source_paths": [
          "backend/src/routers/platform.py",
          "frontend/lib/hooks/use-platform-architecture.ts",
          "frontend/lib/hooks/use-platform-capabilities.ts",
          "frontend/lib/hooks/use-platform-diagnostics.ts",
          "frontend/lib/hooks/use-platform-events.ts",
          "frontend/lib/hooks/use-platform-health.ts",
          "frontend/lib/hooks/use-platform-tasks.ts",
          "frontend/lib/hooks/use-verification-center.ts"
        ],
        "primary_source_path": "backend/src/routers/platform.py"
      },
      "capability": {
        "capability_id": "runtime-verification",
        "authority": "ControlPlanePlanner",
        "severity": "required",
        "description": ""
      },
      "requirement": {
        "requirement_id": "req-612327196aa9-62",
        "capability_id": "runtime-verification",
        "obligation_kind": "unit",
        "rationale": "Directly affected by change",
        "severity": "required",
        "target": "run_runtime_verification"
      },
      "disposition": "open",
      "task_id": "task-0002",
      "evidence": [],
      "reasons": [
        "Directly affected by change"
      ],
      "created_at": "2026-09-20T10:59:15.666373+00:00",
      "closed_at": null,
      "fingerprint": "e20260b01174a154f64858a508e0af01e5d00b5138e9e3dda2d40fd373df9693"
    },
    {
      "obligation_id": "obl-612327196aa9-63",
      "change": {
        "path": ".github/actions/setup-node-runtime/action.yml",
        "change_type": "modified",
        "symbol": null,
        "old_path": null,
        "source_paths": [
          ".github/actions/setup-node-runtime/action.yml",
          ".github/actions/setup-playwright/action.yml",
          ".github/actions/setup-python-runtime/action.yml",
          ".github/actions/upload-runtime/action.yml",
          ".github/backend/tests/generated/mutation/mutation-run.log",
          ".github/backend/tests/generated/mutation/mutation-summary.json",
          ".github/scripts/aggregate_evidence.py",
          ".github/scripts/check_coverage_threshold.py",
          ".github/scripts/generate_mutation_report.py",
          ".github/scripts/generate_plan.py",
          ".github/scripts/generate_release_notes.sh",
          ".github/scripts/run_api_contracts.sh",
          ".github/scripts/run_backend_verification.sh",
          ".github/scripts/run_contract_tests.sh",
          ".github/scripts/run_dependency_checks.sh",
          ".github/scripts/run_fast_checks.sh",
          ".github/scripts/run_frontend_verification.sh",
          ".github/scripts/run_full_verification.sh",
          ".github/scripts/run_golden_tests.sh",
          ".github/scripts/run_integration_tests.sh",
          ".github/scripts/run_migration_verification.sh",
          ".github/scripts/run_mutation_local_smoke.sh",
          ".github/scripts/run_mutation_selective.sh",
          ".github/scripts/run_playwright_tests.sh",
          ".github/scripts/run_property_tests.sh",
          ".github/scripts/run_runtime_verification.sh",
          ".github/scripts/validate_actions.py",
          ".github/workflows/api-contracts.yml",
          ".github/workflows/backend-verify.yml",
          ".github/workflows/dependency-update.yml",
          ".github/workflows/frontend-verify.yml",
          ".github/workflows/golden.yml",
          ".github/workflows/m9-forensic-diagnostic-lab.yml",
          ".github/workflows/mutation-pr.yml",
          ".github/workflows/mutation.yml",
          ".github/workflows/playwright.yml",
          ".github/workflows/quality.yml",
          ".github/workflows/release.yml",
          ".github/workflows/security-codeql.yml",
          ".github/workflows/verification-reconcile.yml",
          ".github/workflows/verification-runtime.yml",
          ".gitignore",
          ".kilo/plans/1787137122047-health-check-timeout-fix.md",
          ".kilo/plans/1787286911071-c43-remaining-issues-plan.md",
          ".kilo/plans/1787318429130-mutation-testing-green-plan.md",
          ".kilo/plans/1788396201282-m9-c45-balance-work.md",
          ".kilo/plans/1788707018223-m9-c57-verification-integrity.md",
          ".kilo/plans/1788779517173-m9-c57-verification.md",
          ".kilo/plans/1788885145550-remaining-refactor-plan.md",
          ".kilo/plans/1789023840094-cache-success-rate-fix.md",
          ".kilo/plans/1789187366423-m9-c58-test-repair-plan.md",
          "AGENTS.md",
          "_probe_emi_up.py",
          "activeContext.md",
          "backend/.coveragerc",
          "backend/conftest.py",
          "backend/pyproject.toml",
          "backend/ruff.toml",
          "backend/runtime/generated/platform/snapshot.json",
          "backend/scripts/scan_test_anti_patterns.py",
          "backend/src/api.py",
          "backend/src/core/dtos/account_dto.py",
          "backend/src/core/dtos/accounts_dto.py",
          "backend/src/core/dtos/analytics_dto.py",
          "backend/src/core/dtos/behaviour_dto.py",
          "backend/src/core/dtos/cashflow_dto.py",
          "backend/src/core/dtos/credit_cards_dto.py",
          "backend/src/core/dtos/dashboard_dto.py",
          "backend/src/core/dtos/forecast_dto.py",
          "backend/src/core/dtos/investments_dto.py",
          "backend/src/core/dtos/loans_dto.py",
          "backend/src/core/dtos/net_worth_dto.py",
          "backend/src/core/dtos/reconciliation_dto.py",
          "backend/src/core/dtos/statement_dto.py",
          "backend/src/core/dtos/transaction_dto.py",
          "backend/src/core/mappers/transaction_mapper.py",
          "backend/src/engines/financial_intelligence/goal_planner.py",
          "backend/src/engines/financial_intelligence/intelligence.py",
          "backend/src/engines/financial_intelligence/optimization.py",
          "backend/src/engines/loan_engine/emi.py",
          "backend/src/engines/loan_engine/prepayment.py",
          "backend/src/engines/test_rem_ediation_probe.py",
          "backend/src/engines/transaction_intelligence/cash_conversion_detector.py",
          "backend/src/extraction/camelot_extractor.py",
          "backend/src/extraction/hybrid_extractor.py",
          "backend/src/extraction/statement_extractor.py",
          "backend/src/routers/platform.py",
          "backend/src/routers/reconciliation.py",
          "backend/src/routers/transactions.py",
          "backend/src/services/behaviour_service.py",
          "backend/src/services/dashboard_service.py",
          "backend/src/services/transaction_service.py",
          "backend/src/startup.py",
          "backend/src/stubs/camelot/__init__.pyi",
          "backend/src/stubs/camelot/core.pyi",
          "backend/src/stubs/py.typed",
          "backend/src/stubs/runtime/__init__.pyi",
          "backend/src/stubs/runtime/platform/__init__.pyi",
          "backend/src/stubs/runtime/platform/ai/__init__.pyi",
          "backend/src/stubs/runtime/platform/ai/agents.pyi",
          "backend/src/stubs/runtime/platform/ai/config.pyi",
          "backend/src/stubs/runtime/platform/ai/context.pyi",
          "backend/src/stubs/runtime/platform/ai/intent.pyi",
          "backend/src/stubs/runtime/platform/ai/memory.pyi",
          "backend/src/stubs/runtime/platform/ai/orchestrator.pyi",
          "backend/src/stubs/runtime/platform/ai/planner.pyi",
          "backend/src/stubs/runtime/platform/ai/policy.pyi",
          "backend/src/stubs/runtime/platform/ai/providers.pyi",
          "backend/src/stubs/runtime/platform/ai/runs.pyi",
          "backend/src/stubs/runtime/platform/ai/tools.pyi",
          "backend/src/stubs/runtime/platform/api/__init__.pyi",
          "backend/src/stubs/runtime/platform/api/contracts/__init__.pyi",
          "backend/src/stubs/runtime/platform/api/contracts/ai.pyi",
          "backend/src/stubs/runtime/platform/api/contracts/context.pyi",
          "backend/src/stubs/runtime/platform/api/contracts/diagnostics.pyi",
          "backend/src/stubs/runtime/platform/api/contracts/health.pyi",
          "backend/src/stubs/runtime/platform/api/envelope.pyi",
          "backend/src/stubs/runtime/platform/api/errors.pyi",
          "backend/src/stubs/runtime/platform/api/services/__init__.pyi",
          "backend/src/stubs/runtime/platform/api/services/_helpers.pyi",
          "backend/src/stubs/runtime/platform/api/services/application.pyi",
          "backend/src/stubs/runtime/platform/api/services/architecture.pyi",
          "backend/src/stubs/runtime/platform/api/services/capabilities.pyi",
          "backend/src/stubs/runtime/platform/api/services/change.pyi",
          "backend/src/stubs/runtime/platform/api/services/cross_layer.pyi",
          "backend/src/stubs/runtime/platform/api/services/errors.pyi",
          "backend/src/stubs/runtime/platform/api/services/events.pyi",
          "backend/src/stubs/runtime/platform/api/services/evidence.pyi",
          "backend/src/stubs/runtime/platform/api/services/executions.pyi",
          "backend/src/stubs/runtime/platform/api/services/framework_integrity.pyi",
          "backend/src/stubs/runtime/platform/api/services/health.pyi",
          "backend/src/stubs/runtime/platform/api/services/history.pyi",
          "backend/src/stubs/runtime/platform/api/services/tasks.pyi",
          "backend/src/stubs/runtime/platform/api/services/tasks_write.pyi",
          "backend/src/stubs/runtime/platform/api/services/verification.pyi",
          "backend/src/stubs/runtime/platform/api/services/verification_write.pyi",
          "backend/src/stubs/runtime/platform/cache.pyi",
          "backend/src/stubs/runtime/platform/diagnostics/__init__.pyi",
          "backend/src/stubs/runtime/platform/diagnostics/engine.pyi",
          "backend/src/stubs/runtime/system/__init__.pyi",
          "backend/src/stubs/runtime/system/observability/__init__.pyi",
          "backend/src/stubs/runtime/system/observability/event_store.pyi",
          "backend/tests/architecture/test_boundary.py",
          "backend/tests/audits/test_audit_minimal.py",
          "backend/tests/capability/financial_events/test_revocation.py",
          "backend/tests/capability/financial_intelligence/__init__.py",
          "backend/tests/capability/financial_intelligence/test_capability.py",
          "backend/tests/capability/transaction_intelligence/test_capability.py",
          "backend/tests/conftest.py",
          "backend/tests/contract/generated/test_cashflow.py",
          "backend/tests/contract/generated/test_categories.py",
          "backend/tests/contract/generated/test_dashboard.py",
          "backend/tests/contract/generated/test_transactions.py",
          "backend/tests/fixtures/database.py",
          "backend/tests/fixtures/seed.py",
          "backend/tests/generated/api-map.json",
          "backend/tests/generated/architectural-coverage.json",
          "backend/tests/generated/change-impact.json",
          "backend/tests/generated/change-impact.md",
          "backend/tests/generated/contract-registry.json",
          "backend/tests/generated/coverage.json",
          "backend/tests/generated/coverage.md",
          "backend/tests/generated/coverage.xml",
          "backend/tests/generated/mutation/mutation-gaps.md",
          "backend/tests/generated/mutation/mutation-map.json",
          "backend/tests/generated/mutation/mutation-readiness.json",
          "backend/tests/generated/mutation/mutation-registry.json",
          "backend/tests/generated/qa-report.md",
          "backend/tests/generated/quality-report.md",
          "backend/tests/generated/raw-coverage.json",
          "backend/tests/generated/regression-matrix.json",
          "backend/tests/generated/reports/change-report.md",
          "backend/tests/generated/reports/mutation-readiness.md",
          "backend/tests/generated/reports/test-plan.md",
          "backend/tests/generated/reports/test-strength.md",
          "backend/tests/generated/risk-map.json",
          "backend/tests/generated/risk-rules.yaml",
          "backend/tests/generated/selective-history.json",
          "backend/tests/generated/selective-plan.json",
          "backend/tests/generated/selective-summary.json",
          "backend/tests/generated/traceability.md",
          "backend/tests/generated/validation-metrics.json",
          "backend/tests/generated/verification-evidence.json",
          "backend/tests/generated/verification-matrix.json",
          "backend/tests/generated/verification-performance.json",
          "backend/tests/generated/verification-summary.json",
          "backend/tests/golden/test_regression.py",
          "backend/tests/integration/acceptance/test_acceptance_matrix.py",
          "backend/tests/integration/cross_layer/__init__.py",
          "backend/tests/integration/cross_layer/test_journey_account_crud.py",
          "backend/tests/integration/cross_layer/test_journey_dashboard_metrics.py",
          "backend/tests/integration/cross_layer/test_journey_loan_management.py",
          "backend/tests/integration/performance/test_performance.py",
          "backend/tests/integration/test_platform_api_phase3.py",
          "backend/tests/integration/test_platform_api_phase4.py",
          "backend/tests/integration/test_platform_api_phase6.py",
          "backend/tests/invariants/test_determinism.py",
          "backend/tests/invariants/test_reconciliation_determinism.py",
          "backend/tests/invariants/test_reconciliation_properties.py",
          "backend/tests/mutation/mutation_config.toml",
          "backend/tests/mutation/run_mutation_baseline.sh",
          "backend/tests/mutation_infra/mutants/mutmut-stats.json",
          "backend/tests/mutation_infra/mutants/probe.py",
          "backend/tests/mutation_infra/mutants/probe.py.meta",
          "backend/tests/mutation_infra/mutants/probe.py.spans",
          "backend/tests/mutation_infra/mutants/pyproject.toml",
          "backend/tests/mutation_infra/mutants/test_probe.py",
          "backend/tests/mutation_infra/probe.py",
          "backend/tests/mutation_infra/pyproject.toml",
          "backend/tests/mutation_infra/python_312_probes/control_probe.py",
          "backend/tests/mutation_infra/python_312_probes/pep604_union.py",
          "backend/tests/mutation_infra/python_312_probes/pep634_match.py",
          "backend/tests/mutation_infra/python_312_probes/pep654_exception_groups.py",
          "backend/tests/mutation_infra/python_312_probes/pep695_type_params.py",
          "backend/tests/mutation_infra/python_312_probes/pyproject.toml",
          "backend/tests/mutation_infra/python_312_probes/test_control_probe.py",
          "backend/tests/mutation_infra/python_312_probes/test_pep604_union.py",
          "backend/tests/mutation_infra/python_312_probes/test_pep634_match.py",
          "backend/tests/mutation_infra/python_312_probes/test_pep654_exception_groups.py",
          "backend/tests/mutation_infra/python_312_probes/test_pep695_type_params.py",
          "backend/tests/mutation_infra/test_probe.py",
          "backend/tests/probes/test_m4_exit_probe.py",
          "backend/tests/properties/behaviour/test_engine_properties.py",
          "backend/tests/properties/cashflow/test_behavioral_strengthening.py",
          "backend/tests/properties/cashflow/test_engine_properties.py",
          "backend/tests/properties/credit_card_engine/test_billing_properties.py",
          "backend/tests/properties/credit_card_engine/test_emi_properties.py",
          "backend/tests/properties/credit_card_engine/test_interest_properties.py",
          "backend/tests/properties/credit_cards/test_engine_properties.py",
          "backend/tests/properties/financial_events/test_engine_properties.py",
          "backend/tests/properties/financial_events/test_lineage_properties.py",
          "backend/tests/properties/financial_intelligence/__init__.py",
          "backend/tests/properties/financial_intelligence/test_optimization_properties.py",
          "backend/tests/properties/financial_intelligence/test_scenario_intelligence_properties.py",
          "backend/tests/properties/forecasting/test_engine_properties.py",
          "backend/tests/properties/investment/test_engine_properties.py",
          "backend/tests/properties/lending/test_engine_properties.py",
          "backend/tests/properties/loan_engine/test_amortization_properties.py",
          "backend/tests/properties/loan_engine/test_emi_properties.py",
          "backend/tests/properties/loan_engine/test_floating_rate_properties.py",
          "backend/tests/properties/loan_engine/test_foreclosure_properties.py",
          "backend/tests/properties/loan_engine/test_metrics_properties.py",
          "backend/tests/properties/loan_engine/test_prepayment_properties.py",
          "backend/tests/properties/recommendations/test_engine_properties.py",
          "backend/tests/properties/reconciliation/test_engine_properties.py",
          "backend/tests/properties/transaction_intelligence/test_detector_properties.py",
          "backend/tests/properties/transaction_intelligence/test_engine_properties.py",
          "backend/tests/test_m9_c56_scenarios.py",
          "backend/tests/unit/core/mappers/test_behaviour_mapper.py",
          "backend/tests/unit/engines/account/test_account_engine.py",
          "backend/tests/unit/engines/balance_engine.py",
          "backend/tests/unit/engines/balance_engine/test_balance_engine_helpers.py",
          "backend/tests/unit/engines/behavior/test_behavior_engine.py",
          "backend/tests/unit/engines/behavior/test_stress.py",
          "backend/tests/unit/engines/behaviour/test_core.py",
          "backend/tests/unit/engines/behaviour/test_core_risk_structure.py",
          "backend/tests/unit/engines/behaviour/test_core_strengthening.py",
          "backend/tests/unit/engines/behaviour/test_core_structure.py",
          "backend/tests/unit/engines/behaviour/test_credit_dependency.py",
          "backend/tests/unit/engines/behaviour/test_credit_dependency_strengthening.py",
          "backend/tests/unit/engines/behaviour/test_insights_nudges_coverage.py",
          "backend/tests/unit/engines/behaviour/test_insights_nudges_structure.py",
          "backend/tests/unit/engines/behaviour/test_integration.py",
          "backend/tests/unit/engines/behaviour/test_metrics.py",
          "backend/tests/unit/engines/behaviour/test_mutation_golden.py",
          "backend/tests/unit/engines/behaviour/test_mutation_golden_groups.py",
          "backend/tests/unit/engines/behaviour/test_mutation_strengthening.py",
          "backend/tests/unit/engines/behaviour/test_mutation_strengthening_remaining.py",
          "backend/tests/unit/engines/behaviour/test_patterns.py",
          "backend/tests/unit/engines/behaviour/test_remaining_structure.py",
          "backend/tests/unit/engines/behaviour/test_stress_scores.py",
          "backend/tests/unit/engines/behaviour/test_stress_scores_structure.py",
          "backend/tests/unit/engines/behaviour/test_temporal.py",
          "backend/tests/unit/engines/credit_card/test_credit_card_engine.py",
          "backend/tests/unit/engines/credit_card/test_interest_strengthening.py",
          "backend/tests/unit/engines/credit_card/test_mutation_gap_repairs.py",
          "backend/tests/unit/engines/credit_card_engine/test_m9_c56_additional_gaps.py",
          "backend/tests/unit/engines/credit_card_engine/test_m9_c56_boolean_flips.py",
          "backend/tests/unit/engines/credit_card_engine/test_m9_c56_mutation_gaps.py",
          "backend/tests/unit/engines/financial_events/test_financial_events.py",
          "backend/tests/unit/engines/financial_events/test_m9_c56_behavioral_gaps.py",
          "backend/tests/unit/engines/financial_events/test_m9_c56_lineage_gaps.py",
          "backend/tests/unit/engines/financial_events/test_m9_c56_missing_keys.py",
          "backend/tests/unit/engines/financial_intelligence/__init__.py",
          "backend/tests/unit/engines/financial_intelligence/test_forecasting.py",
          "backend/tests/unit/engines/financial_intelligence/test_goal_planner.py",
          "backend/tests/unit/engines/financial_intelligence/test_intelligence.py",
          "backend/tests/unit/engines/financial_intelligence/test_mutation_golden.py",
          "backend/tests/unit/engines/financial_intelligence/test_optimization.py",
          "backend/tests/unit/engines/financial_intelligence/test_scenario.py",
          "backend/tests/unit/engines/financial_intelligence/test_utils.py",
          "backend/tests/unit/engines/ledger/test_ledger_engine.py",
          "backend/tests/unit/engines/ledger_audit_engine.py",
          "backend/tests/unit/engines/loan/test_amortization.py",
          "backend/tests/unit/engines/loan/test_c39_regression.py",
          "backend/tests/unit/engines/loan/test_loan_engine.py",
          "backend/tests/unit/engines/recommendation/test_recommendation_strengthening.py",
          "backend/tests/unit/engines/reconciliation/test_reconciliation.py",
          "backend/tests/unit/engines/reconciliation/test_reconciliation_strengthening.py",
          "backend/tests/unit/engines/transaction_intelligence/test_cash_conversion_detector.py",
          "backend/tests/unit/engines/transaction_intelligence/test_cc_payment_detector.py",
          "backend/tests/unit/engines/transaction_intelligence/test_detector_result.py",
          "backend/tests/unit/engines/transaction_intelligence/test_loan_emi_detector.py",
          "backend/tests/unit/engines/transaction_intelligence/test_mutation_golden.py",
          "backend/tests/unit/repositories/test_account_balance_repository.py",
          "backend/tests/unit/repositories/test_account_link_repository.py",
          "backend/tests/unit/repositories/test_account_repository.py",
          "backend/tests/unit/repositories/test_audit_repository.py",
          "backend/tests/unit/repositories/test_behaviour_repository.py",
          "backend/tests/unit/repositories/test_db.py",
          "backend/tests/unit/repositories/test_household_repository.py",
          "backend/tests/unit/repositories/test_institution_repository.py",
          "backend/tests/unit/repositories/test_pattern_repository.py",
          "backend/tests/unit/services/test_behaviour_service.py",
          "backend/tests/unit/services/test_recommendation_networth_services.py",
          "backend/tests/unit/services/test_services.py",
          "backend/tests/unit/test_calculations.py",
          "backend/tests/unit/test_calculations_strengthening.py",
          "backend/tests/unit/test_money.py",
          "backend/tests/unit/test_mutation_golden_calculations.py",
          "conftest.py",
          "dependency-reports/dependency-health.md",
          "dependency-reports/npm-audit.txt",
          "dependency-reports/npm-outdated.json",
          "dependency-reports/python-audit.txt",
          "docs/M9-C10-forensic-report.md",
          "docs/architecture/FRONTEND_BACKEND_RUNTIME_INTEGRATION.md",
          "docs/audits/m9-c57-runtime-framework/RUNTIME_FRAMEWORK_DEEP_DIVE_AUDIT.md",
          "docs/audits/m9-c57-runtime-framework/runtime_largest_files.txt",
          "docs/audits/m9-c57-runtime-framework/runtime_loc_breakdown.txt",
          "docs/audits/runtime-framework-audit-2026-09-10.md",
          "docs/decisions/M10_ENVIRONMENT_DEPENDENCIES.md",
          "docs/dependency-audit-2026-09-11.md",
          "docs/evidence/m9-c32-preflight/api-contract-evidence-committed.json",
          "docs/evidence/m9-c32-preflight/api-contract-evidence-pre-c32.json",
          "docs/evidence/m9-c32-preflight/openapi-committed.json",
          "docs/evidence/m9-c32-preflight/openapi-corrupted.json",
          "docs/progress.md",
          "frontend/.nvmrc",
          "frontend/__tests__/api-contracts/behavior.contract.test.ts",
          "frontend/__tests__/api-contracts/reconciliation.contract.test.ts",
          "frontend/__tests__/api-contracts/transactions.contract.test.ts",
          "frontend/__tests__/use-accounts.test.ts",
          "frontend/__tests__/use-cards.test.ts",
          "frontend/__tests__/use-cashflow.test.ts",
          "frontend/__tests__/use-dashboard-metrics.test.ts",
          "frontend/__tests__/use-investments.test.ts",
          "frontend/__tests__/use-loans.test.ts",
          "frontend/__tests__/use-overview.test.ts",
          "frontend/__tests__/use-reconciliation.test.ts",
          "frontend/app/dashboard/page.tsx",
          "frontend/app/layout.tsx",
          "frontend/app/platform/architecture/page.tsx",
          "frontend/app/platform/capabilities/[capabilityId]/page.tsx",
          "frontend/app/platform/capabilities/page.tsx",
          "frontend/app/platform/diagnostics/change/page.tsx",
          "frontend/app/platform/diagnostics/detail/[id]/page.tsx",
          "frontend/app/platform/diagnostics/page.tsx",
          "frontend/app/platform/errors/page.tsx",
          "frontend/app/platform/evidence/page.tsx",
          "frontend/app/platform/framework/page.tsx",
          "frontend/app/platform/history/compare/page.tsx",
          "frontend/app/platform/history/page.tsx",
          "frontend/app/platform/layout.tsx",
          "frontend/app/platform/page.tsx",
          "frontend/app/platform/platform-providers.tsx",
          "frontend/app/platform/verification/[capability]/page.tsx",
          "frontend/app/platform/verification/history/[runId]/page.tsx",
          "frontend/app/platform/verification/page.tsx",
          "frontend/app/platform/verification/run/[capability]/page.tsx",
          "frontend/components/dashboard/behavior-score-card.tsx",
          "frontend/components/os-shell/left-rail.tsx",
          "frontend/components/os-shell/right-inspector.tsx",
          "frontend/components/os-shell/top-command-bar.tsx",
          "frontend/components/os-shell/workspace-container.tsx",
          "frontend/components/platform/activity-feed.tsx",
          "frontend/components/platform/health-badge.test.tsx",
          "frontend/components/platform/health-badge.tsx",
          "frontend/components/platform/metric-tile.tsx",
          "frontend/components/platform/quick-actions.tsx",
          "frontend/components/platform/sidebar.tsx",
          "frontend/components/primitives/panel/panel.tsx",
          "frontend/components/query-provider.tsx",
          "frontend/generated/openapi-current.json",
          "frontend/generated/toolchain-lock.json",
          "frontend/lib/__tests__/gateway-invariance.test.ts",
          "frontend/lib/api/client.ts",
          "frontend/lib/api/gateway.ts",
          "frontend/lib/capabilities/use-accounts-capability.ts",
          "frontend/lib/capabilities/use-behaviour-capability.ts",
          "frontend/lib/capabilities/use-cashflow-capability.ts",
          "frontend/lib/capabilities/use-credit-cards-capability.ts",
          "frontend/lib/capabilities/use-forecast-capability.ts",
          "frontend/lib/capabilities/use-investments-capability.ts",
          "frontend/lib/capabilities/use-loans-capability.ts",
          "frontend/lib/capabilities/use-net-worth-capability.ts",
          "frontend/lib/capabilities/use-reconciliation-capability.ts",
          "frontend/lib/capabilities/use-transaction-capability.ts",
          "frontend/lib/config/navigation.ts",
          "frontend/lib/hooks/use-accounts.ts",
          "frontend/lib/hooks/use-analytics.ts",
          "frontend/lib/hooks/use-behavior-score.ts",
          "frontend/lib/hooks/use-cards.ts",
          "frontend/lib/hooks/use-cashflow.ts",
          "frontend/lib/hooks/use-dashboard-metrics.ts",
          "frontend/lib/hooks/use-investments.ts",
          "frontend/lib/hooks/use-live-execution.ts",
          "frontend/lib/hooks/use-loans.ts",
          "frontend/lib/hooks/use-networth.ts",
          "frontend/lib/hooks/use-overview.ts",
          "frontend/lib/hooks/use-platform-architecture.ts",
          "frontend/lib/hooks/use-platform-capabilities.ts",
          "frontend/lib/hooks/use-platform-diagnostics.ts",
          "frontend/lib/hooks/use-platform-errors.ts",
          "frontend/lib/hooks/use-platform-events.ts",
          "frontend/lib/hooks/use-platform-health.ts",
          "frontend/lib/hooks/use-platform-tasks.ts",
          "frontend/lib/hooks/use-query-finance.ts",
          "frontend/lib/hooks/use-reconciliation.ts",
          "frontend/lib/hooks/use-verification-center.ts",
          "frontend/lib/mappers/behaviour-mapper.ts",
          "frontend/lib/mappers/transaction-mapper.ts",
          "frontend/lib/schemas/behavior-score.ts",
          "frontend/lib/schemas/cashflow.ts",
          "frontend/lib/schemas/dashboard-metrics.ts",
          "frontend/lib/schemas/overview.ts",
          "frontend/lib/schemas/transaction.ts",
          "frontend/middleware.ts",
          "frontend/mocks/fixtures/behavior.ts",
          "frontend/mocks/fixtures/dashboard.ts",
          "frontend/mocks/fixtures/transactions.ts",
          "frontend/mocks/handlers/behavior.ts",
          "frontend/mocks/handlers/reconciliation.ts",
          "frontend/next.config.ts",
          "frontend/package-lock.json",
          "frontend/package.json",
          "frontend/playwright.config.ts",
          "frontend/proxy.ts",
          "frontend/runtime/generated/typescript-symbol-cache/symbol-cache.json",
          "frontend/tests/e2e/fixtures/css-helpers.ts",
          "frontend/tests/e2e/fixtures/test-fixtures.ts",
          "frontend/tests/e2e/snapshots/historical/analytics-mobile-firefox-linux.png",
          "frontend/tests/e2e/snapshots/historical/analytics-mobile-tablet-linux.png",
          "frontend/tests/e2e/snapshots/historical/analytics-page-firefox-linux.png",
          "frontend/tests/e2e/snapshots/historical/analytics-page-tablet-linux.png",
          "frontend/tests/e2e/snapshots/historical/behavior-page-firefox-linux.png",
          "frontend/tests/e2e/snapshots/historical/behavior-page-tablet-linux.png",
          "frontend/tests/e2e/snapshots/historical/cards-page-firefox-linux.png",
          "frontend/tests/e2e/snapshots/historical/cards-page-tablet-linux.png",
          "frontend/tests/e2e/snapshots/historical/categories-mobile-firefox-linux.png",
          "frontend/tests/e2e/snapshots/historical/categories-mobile-tablet-linux.png",
          "frontend/tests/e2e/snapshots/historical/categories-page-firefox-linux.png",
          "frontend/tests/e2e/snapshots/historical/categories-page-tablet-linux.png",
          "frontend/tests/e2e/snapshots/historical/dark-mode-dashboard-firefox-linux.png",
          "frontend/tests/e2e/snapshots/historical/dark-mode-dashboard-tablet-linux.png",
          "frontend/tests/e2e/snapshots/historical/dashboard-mobile-firefox-linux.png",
          "frontend/tests/e2e/snapshots/historical/dashboard-mobile-tablet-linux.png",
          "frontend/tests/e2e/snapshots/historical/dashboard-page-firefox-linux.png",
          "frontend/tests/e2e/snapshots/historical/dashboard-page-tablet-linux.png",
          "frontend/tests/e2e/snapshots/historical/family-mode-firefox-linux.png",
          "frontend/tests/e2e/snapshots/historical/family-mode-tablet-linux.png",
          "frontend/tests/e2e/snapshots/historical/header-firefox-linux.png",
          "frontend/tests/e2e/snapshots/historical/header-tablet-linux.png",
          "frontend/tests/e2e/snapshots/historical/home-mobile-firefox-linux.png",
          "frontend/tests/e2e/snapshots/historical/home-mobile-tablet-linux.png",
          "frontend/tests/e2e/snapshots/historical/home-page-firefox-linux.png",
          "frontend/tests/e2e/snapshots/historical/home-page-tablet-linux.png",
          "frontend/tests/e2e/snapshots/historical/import-page-firefox-linux.png",
          "frontend/tests/e2e/snapshots/historical/import-page-tablet-linux.png",
          "frontend/tests/e2e/snapshots/historical/mode-toggle-firefox-linux.png",
          "frontend/tests/e2e/snapshots/historical/mode-toggle-tablet-linux.png",
          "frontend/tests/e2e/snapshots/historical/personal-mode-firefox-linux.png",
          "frontend/tests/e2e/snapshots/historical/personal-mode-tablet-linux.png",
          "frontend/tests/e2e/snapshots/historical/reconciliation-page-firefox-linux.png",
          "frontend/tests/e2e/snapshots/historical/reconciliation-page-tablet-linux.png",
          "frontend/tests/e2e/snapshots/historical/settings-page-firefox-linux.png",
          "frontend/tests/e2e/snapshots/historical/settings-page-tablet-linux.png",
          "frontend/tests/e2e/snapshots/historical/sidebar-firefox-linux.png",
          "frontend/tests/e2e/snapshots/historical/sidebar-tablet-linux.png",
          "frontend/tests/e2e/snapshots/historical/transactions-mobile-firefox-linux.png",
          "frontend/tests/e2e/snapshots/historical/transactions-mobile-tablet-linux.png",
          "frontend/tests/e2e/snapshots/historical/transactions-page-firefox-linux.png",
          "frontend/tests/e2e/snapshots/historical/transactions-page-tablet-linux.png",
          "frontend/tests/e2e/snapshots/historical/upload-button-firefox-linux.png",
          "frontend/tests/e2e/snapshots/historical/upload-button-tablet-linux.png",
          "frontend/tests/e2e/specs/behavior-scoring.spec.ts",
          "frontend/tests/e2e/specs/behavior.spec.ts",
          "frontend/tests/e2e/specs/dashboard.spec.ts",
          "frontend/tests/e2e/specs/e2e-financial-logic.spec.ts",
          "frontend/tests/e2e/specs/edge-cases.spec.ts",
          "frontend/tests/e2e/specs/health-check.spec.ts",
          "frontend/tests/e2e/specs/navigation.spec.ts",
          "frontend/tests/e2e/specs/performance.spec.ts",
          "frontend/tests/e2e/specs/platform-dashboard.spec.ts",
          "frontend/tests/e2e/specs/reconciliation.spec.ts",
          "frontend/tests/e2e/specs/transactions.spec.ts",
          "frontend/tests/e2e/specs/verification-center.spec.ts",
          "frontend/tests/e2e/specs/visual-regression.spec.ts",
          "frontend/tests/e2e/specs/visual-regression.spec.ts-snapshots/analytics-mobile-chromium-linux.png",
          "frontend/tests/e2e/specs/visual-regression.spec.ts-snapshots/analytics-mobile-mobile-chrome-linux.png",
          "frontend/tests/e2e/specs/visual-regression.spec.ts-snapshots/analytics-page-chromium-linux.png",
          "frontend/tests/e2e/specs/visual-regression.spec.ts-snapshots/analytics-page-firefox-linux.png",
          "frontend/tests/e2e/specs/visual-regression.spec.ts-snapshots/analytics-page-mobile-chrome-linux.png",
          "frontend/tests/e2e/specs/visual-regression.spec.ts-snapshots/behavior-page-chromium-linux.png",
          "frontend/tests/e2e/specs/visual-regression.spec.ts-snapshots/behavior-page-mobile-chrome-linux.png",
          "frontend/tests/e2e/specs/visual-regression.spec.ts-snapshots/cards-page-chromium-linux.png",
          "frontend/tests/e2e/specs/visual-regression.spec.ts-snapshots/cards-page-firefox-linux.png",
          "frontend/tests/e2e/specs/visual-regression.spec.ts-snapshots/cards-page-mobile-chrome-linux.png",
          "frontend/tests/e2e/specs/visual-regression.spec.ts-snapshots/categories-mobile-chromium-linux.png",
          "frontend/tests/e2e/specs/visual-regression.spec.ts-snapshots/categories-mobile-mobile-chrome-linux.png",
          "frontend/tests/e2e/specs/visual-regression.spec.ts-snapshots/categories-page-chromium-linux.png",
          "frontend/tests/e2e/specs/visual-regression.spec.ts-snapshots/categories-page-firefox-linux.png",
          "frontend/tests/e2e/specs/visual-regression.spec.ts-snapshots/categories-page-mobile-chrome-linux.png",
          "frontend/tests/e2e/specs/visual-regression.spec.ts-snapshots/dark-mode-dashboard-chromium-linux.png",
          "frontend/tests/e2e/specs/visual-regression.spec.ts-snapshots/dark-mode-dashboard-mobile-chrome-linux.png",
          "frontend/tests/e2e/specs/visual-regression.spec.ts-snapshots/dashboard-mobile-chromium-linux.png",
          "frontend/tests/e2e/specs/visual-regression.spec.ts-snapshots/dashboard-mobile-mobile-chrome-linux.png",
          "frontend/tests/e2e/specs/visual-regression.spec.ts-snapshots/dashboard-page-chromium-linux.png",
          "frontend/tests/e2e/specs/visual-regression.spec.ts-snapshots/dashboard-page-firefox-linux.png",
          "frontend/tests/e2e/specs/visual-regression.spec.ts-snapshots/dashboard-page-mobile-chrome-linux.png",
          "frontend/tests/e2e/specs/visual-regression.spec.ts-snapshots/family-mode-chromium-linux.png",
          "frontend/tests/e2e/specs/visual-regression.spec.ts-snapshots/family-mode-mobile-chrome-linux.png",
          "frontend/tests/e2e/specs/visual-regression.spec.ts-snapshots/header-chromium-linux.png",
          "frontend/tests/e2e/specs/visual-regression.spec.ts-snapshots/header-mobile-chrome-linux.png",
          "frontend/tests/e2e/specs/visual-regression.spec.ts-snapshots/home-mobile-chromium-linux.png",
          "frontend/tests/e2e/specs/visual-regression.spec.ts-snapshots/home-mobile-mobile-chrome-linux.png",
          "frontend/tests/e2e/specs/visual-regression.spec.ts-snapshots/home-page-chromium-linux.png",
          "frontend/tests/e2e/specs/visual-regression.spec.ts-snapshots/home-page-firefox-linux.png",
          "frontend/tests/e2e/specs/visual-regression.spec.ts-snapshots/home-page-mobile-chrome-linux.png",
          "frontend/tests/e2e/specs/visual-regression.spec.ts-snapshots/import-page-chromium-linux.png",
          "frontend/tests/e2e/specs/visual-regression.spec.ts-snapshots/import-page-mobile-chrome-linux.png",
          "frontend/tests/e2e/specs/visual-regression.spec.ts-snapshots/personal-mode-chromium-linux.png",
          "frontend/tests/e2e/specs/visual-regression.spec.ts-snapshots/personal-mode-mobile-chrome-linux.png",
          "frontend/tests/e2e/specs/visual-regression.spec.ts-snapshots/reconciliation-page-chromium-linux.png",
          "frontend/tests/e2e/specs/visual-regression.spec.ts-snapshots/reconciliation-page-mobile-chrome-linux.png",
          "frontend/tests/e2e/specs/visual-regression.spec.ts-snapshots/settings-page-chromium-linux.png",
          "frontend/tests/e2e/specs/visual-regression.spec.ts-snapshots/settings-page-mobile-chrome-linux.png",
          "frontend/tests/e2e/specs/visual-regression.spec.ts-snapshots/sidebar-chromium-linux.png",
          "frontend/tests/e2e/specs/visual-regression.spec.ts-snapshots/sidebar-mobile-chrome-linux.png",
          "frontend/tests/e2e/specs/visual-regression.spec.ts-snapshots/transactions-mobile-chromium-linux.png",
          "frontend/tests/e2e/specs/visual-regression.spec.ts-snapshots/transactions-mobile-mobile-chrome-linux.png",
          "frontend/tests/e2e/specs/visual-regression.spec.ts-snapshots/transactions-page-chromium-linux.png",
          "frontend/tests/e2e/specs/visual-regression.spec.ts-snapshots/transactions-page-firefox-linux.png",
          "frontend/tests/e2e/specs/visual-regression.spec.ts-snapshots/transactions-page-mobile-chrome-linux.png",
          "frontend/tests/e2e/specs/visual-regression.spec.ts-snapshots/upload-button-chromium-linux.png",
          "frontend/tests/e2e/specs/visual-regression.spec.ts-snapshots/upload-button-mobile-chrome-linux.png",
          "frontend/tests/global-setup.ts",
          "frontend/types/api-generated.ts",
          "frontend/types/transaction.ts",
          "frontend/vitest.config.ts",
          "memory-bank/activeContext.md",
          "progress.md",
          "pyproject.toml",
          "requirements.lock",
          "runtime/ARCHITECTURE-mutation.md",
          "runtime/__init__.py",
          "runtime/analyze_artifacts.py",
          "runtime/archive/README.md",
          "runtime/archive/_tmp_validation/test_c53_candidate_6bc2761eb77c.py",
          "runtime/archive/aggregator_obsolete_disposition.py",
          "runtime/archive/analysis_scripts/analyze_architecture.py",
          "runtime/archive/analysis_scripts/analyze_artifacts.py",
          "runtime/archive/analysis_scripts/analyze_engine_normalization.py",
          "runtime/archive/analysis_scripts/analyze_engine_topology.py",
          "runtime/archive/analysis_scripts/analyze_execution.py",
          "runtime/archive/analysis_scripts/analyze_gap.py",
          "runtime/archive/analysis_scripts/analyze_knowledge.py",
          "runtime/archive/analysis_scripts/analyze_ownership.py",
          "runtime/archive/execplan-1218b76aa610/exec-0001-stderr.log",
          "runtime/archive/execplan-1218b76aa610/exec-0001-stdout.log",
          "runtime/archive/execplan-1218b76aa610/exec-0002-stderr.log",
          "runtime/archive/execplan-1218b76aa610/exec-0002-stdout.log",
          "runtime/archive/execplan-1218b76aa610/exec-0003-stderr.log",
          "runtime/archive/execplan-1218b76aa610/exec-0003-stdout.log",
          "runtime/archive/execplan-1218b76aa610/exec-0004-stderr.log",
          "runtime/archive/execplan-1218b76aa610/exec-0004-stdout.log",
          "runtime/archive/execplan-1218b76aa610/exec-0005-stderr.log",
          "runtime/archive/execplan-1218b76aa610/exec-0005-stdout.log",
          "runtime/archive/execplan-1218b76aa610/exec-0006-stderr.log",
          "runtime/archive/execplan-1218b76aa610/exec-0006-stdout.log",
          "runtime/archive/execplan-1218b76aa610/exec-0008-stderr.log",
          "runtime/archive/execplan-1218b76aa610/exec-0008-stdout.log",
          "runtime/archive/orchestration/models.py",
          "runtime/archive/orchestration/orchestrator.py",
          "runtime/archive/program16_analysis.py",
          "runtime/archive/smoke-1789187935.json",
          "runtime/archive/smoke-1789189287.json",
          "runtime/foundation/architecture/__init__.py",
          "runtime/foundation/architecture/chains.py",
          "runtime/foundation/architecture/cross_layer.py",
          "runtime/foundation/architecture/discovery.py",
          "runtime/foundation/architecture/migration_reports.py",
          "runtime/foundation/architecture/models.py",
          "runtime/foundation/architecture/provider.py",
          "runtime/foundation/architecture/sources.py",
          "runtime/foundation/audit/artifact_ownership.py",
          "runtime/foundation/audit/certification.py",
          "runtime/foundation/audit/cluster.py",
          "runtime/foundation/audit/cross_layer.py",
          "runtime/foundation/audit/dependency_graph.py",
          "runtime/foundation/audit/evidence.py",
          "runtime/foundation/audit/executor.py",
          "runtime/foundation/audit/failure_injection.py",
          "runtime/foundation/audit/github_actions.py",
          "runtime/foundation/audit/github_runtime.py",
          "runtime/foundation/audit/integrity.py",
          "runtime/foundation/audit/knowledge.py",
          "runtime/foundation/audit/normalize.py",
          "runtime/foundation/audit/observability.py",
          "runtime/foundation/audit/performance.py",
          "runtime/foundation/audit/pipeline.py",
          "runtime/foundation/audit/planner.py",
          "runtime/foundation/audit/remediation.py",
          "runtime/foundation/audit/repair_order.py",
          "runtime/foundation/audit/reporter.py",
          "runtime/foundation/audit/repository.py",
          "runtime/foundation/audit/roi.py",
          "runtime/foundation/audit/runner.py",
          "runtime/foundation/audit/runtime_cli.py",
          "runtime/foundation/audit/verification_profiles.py",
          "runtime/foundation/audit/workspace.py",
          "runtime/foundation/integrity/__init__.py",
          "runtime/foundation/integrity/engine.py",
          "runtime/foundation/integrity/formatter.py",
          "runtime/foundation/integrity/registry.py",
          "runtime/foundation/integrity/rules.py",
          "runtime/foundation/integrity/scanner.py",
          "runtime/foundation/intelligence/__init__.py",
          "runtime/foundation/intelligence/platform/api.py",
          "runtime/foundation/intelligence/platform/attribution.py",
          "runtime/foundation/intelligence/platform/blast.py",
          "runtime/foundation/intelligence/platform/certification.py",
          "runtime/foundation/intelligence/platform/change.py",
          "runtime/foundation/intelligence/platform/changeset.py",
          "runtime/foundation/intelligence/platform/ci.py",
          "runtime/foundation/intelligence/platform/cli_format.py",
          "runtime/foundation/intelligence/platform/cost.py",
          "runtime/foundation/intelligence/platform/memory.py",
          "runtime/foundation/intelligence/platform/migration.py",
          "runtime/foundation/intelligence/platform/optimizer.py",
          "runtime/foundation/intelligence/platform/pipeline.py",
          "runtime/foundation/intelligence/platform/repair.py",
          "runtime/foundation/intelligence/platform/resolver.py",
          "runtime/foundation/intelligence/platform/risk.py",
          "runtime/foundation/intelligence/platform/state.py",
          "runtime/foundation/knowledge/__init__.py",
          "runtime/foundation/knowledge/catalog.py",
          "runtime/foundation/knowledge/formatter.py",
          "runtime/foundation/knowledge/indexer.py",
          "runtime/foundation/knowledge/models.py",
          "runtime/foundation/knowledge/query.py",
          "runtime/foundation/knowledge/references.py",
          "runtime/foundation/repository/__main__.py",
          "runtime/foundation/repository/analysis/impact.py",
          "runtime/foundation/repository/analysis/metrics.py",
          "runtime/foundation/repository/builder/builder.py",
          "runtime/foundation/repository/builder/index.py",
          "runtime/foundation/repository/graph/graph_service.py",
          "runtime/foundation/repository/query/query.py",
          "runtime/foundation/repository/scanner/__init__.py",
          "runtime/foundation/repository/scanner/api_scanner.py",
          "runtime/foundation/repository/scanner/backend_scanner.py",
          "runtime/foundation/repository/scanner/metadata_scanner.py",
          "runtime/foundation/repository/scanner/script_scanner.py",
          "runtime/foundation/repository/scanner/test_scanner.py",
          "runtime/foundation/repository/scanner/workflow_scanner.py",
          "runtime/foundation/repository/validation/validator.py",
          "runtime/foundation/verification/__init__.py",
          "runtime/foundation/verification/api_contracts/__init__.py",
          "runtime/foundation/verification/api_contracts/c30_certification.py",
          "runtime/foundation/verification/api_contracts/fixture.py",
          "runtime/foundation/verification/api_contracts/gate.py",
          "runtime/foundation/verification/api_contracts/inventory.py",
          "runtime/foundation/verification/api_contracts/mutations.py",
          "runtime/foundation/verification/api_contracts/normalize.py",
          "runtime/foundation/verification/api_contracts/taxonomy.py",
          "runtime/foundation/verification/api_schema_governance.py",
          "runtime/foundation/verification/authority_drift_detector.py",
          "runtime/foundation/verification/authorization_boundary.py",
          "runtime/foundation/verification/blast_radius.py",
          "runtime/foundation/verification/blast_radius_cli.py",
          "runtime/foundation/verification/bypass_enforcement.py",
          "runtime/foundation/verification/c53_certification.py",
          "runtime/foundation/verification/c53_scenarios.py",
          "runtime/foundation/verification/c56_convergence.py",
          "runtime/foundation/verification/cache.py",
          "runtime/foundation/verification/candidate_validation.py",
          "runtime/foundation/verification/canonical_control_plane.py",
          "runtime/foundation/verification/capability_authority.py",
          "runtime/foundation/verification/capability_catalog.py",
          "runtime/foundation/verification/capability_catalog_data.py",
          "runtime/foundation/verification/capability_contract.py",
          "runtime/foundation/verification/capability_discovery.py",
          "runtime/foundation/verification/capability_graph.py",
          "runtime/foundation/verification/capability_graph_resolver.py",
          "runtime/foundation/verification/capability_latent_audit.py",
          "runtime/foundation/verification/capability_resolver.py",
          "runtime/foundation/verification/catalog_certification.py",
          "runtime/foundation/verification/certification.py",
          "runtime/foundation/verification/change_surface.py",
          "runtime/foundation/verification/ci_evidence.py",
          "runtime/foundation/verification/cli/cli.py",
          "runtime/foundation/verification/cli_capability_matrix.py",
          "runtime/foundation/verification/cli_governance.py",
          "runtime/foundation/verification/cli_surface.py",
          "runtime/foundation/verification/command_inventory.py",
          "runtime/foundation/verification/config_loader.py",
          "runtime/foundation/verification/configuration_authority.py",
          "runtime/foundation/verification/configuration_authority_enforcement.py",
          "runtime/foundation/verification/control_plane.py",
          "runtime/foundation/verification/control_plane_efficiency.py",
          "runtime/foundation/verification/control_plane_facade.py",
          "runtime/foundation/verification/convergence_pipeline.py",
          "runtime/foundation/verification/correlation.py",
          "runtime/foundation/verification/coverage_measurement.py",
          "runtime/foundation/verification/coverage_truth.py",
          "runtime/foundation/verification/cross_capability_impact.py",
          "runtime/foundation/verification/cross_layer_graph.py",
          "runtime/foundation/verification/diagnostic_agent.py",
          "runtime/foundation/verification/diagnostics/__init__.py",
          "runtime/foundation/verification/diagnostics/formatter.py",
          "runtime/foundation/verification/e2e_route_mapper.py",
          "runtime/foundation/verification/endpoint_normalize.py",
          "runtime/foundation/verification/endpoint_normalize.py.bak",
          "runtime/foundation/verification/engine_capability_bridge.py",
          "runtime/foundation/verification/env.py",
          "runtime/foundation/verification/env_contract.py",
          "runtime/foundation/verification/evidence_contract.py",
          "runtime/foundation/verification/evidence_integrity.py",
          "runtime/foundation/verification/evidence_planner.py",
          "runtime/foundation/verification/evidence_retention.py",
          "runtime/foundation/verification/evidence_reuse.py",
          "runtime/foundation/verification/evidence_schema.py",
          "runtime/foundation/verification/execution/__init__.py",
          "runtime/foundation/verification/execution/adapters/__init__.py",
          "runtime/foundation/verification/execution/adapters/mutation.py",
          "runtime/foundation/verification/execution/adapters/pytest_adapters.py",
          "runtime/foundation/verification/execution/adapters/unit.py",
          "runtime/foundation/verification/execution/classification.py",
          "runtime/foundation/verification/execution/decisions.py",
          "runtime/foundation/verification/execution/dispatcher.py",
          "runtime/foundation/verification/execution/evidence.py",
          "runtime/foundation/verification/execution/forensic.py",
          "runtime/foundation/verification/execution/identity.py",
          "runtime/foundation/verification/execution/reconciliation.py",
          "runtime/foundation/verification/execution/scope.py",
          "runtime/foundation/verification/execution/smoke.py",
          "runtime/foundation/verification/execution/task.py",
          "runtime/foundation/verification/execution_enforcer.py",
          "runtime/foundation/verification/execution_orchestrator.py",
          "runtime/foundation/verification/executor.py",
          "runtime/foundation/verification/executor_pipeline.py",
          "runtime/foundation/verification/failure_report.py",
          "runtime/foundation/verification/forensic_cli.py",
          "runtime/foundation/verification/framework_integrity.py",
          "runtime/foundation/verification/frontend_backend_gate.py",
          "runtime/foundation/verification/frontend_backend_map.py",
          "runtime/foundation/verification/frontend_capability_discovery.py",
          "runtime/foundation/verification/frontend_financial_arithmetic_lint.py",
          "runtime/foundation/verification/function_audit.py",
          "runtime/foundation/verification/gap_classification.py",
          "runtime/foundation/verification/generation_eligibility.py",
          "runtime/foundation/verification/generation_engine.py",
          "runtime/foundation/verification/graph_model.py",
          "runtime/foundation/verification/help_resolver.py",
          "runtime/foundation/verification/history_migration.py",
          "runtime/foundation/verification/latent_capabilities.py",
          "runtime/foundation/verification/measurement_truth.py",
          "runtime/foundation/verification/measurement_truth_cli.py",
          "runtime/foundation/verification/measurement_truth_integration.py",
          "runtime/foundation/verification/milestone_state.py",
          "runtime/foundation/verification/models/__init__.py",
          "runtime/foundation/verification/models/model.py",
          "runtime/foundation/verification/models/scope.py",
          "runtime/foundation/verification/mutation/__init__.py",
          "runtime/foundation/verification/mutation/survivor_enricher.py",
          "runtime/foundation/verification/mutation_authority.py",
          "runtime/foundation/verification/mutation_contract.py",
          "runtime/foundation/verification/mutation_execution/__init__.py",
          "runtime/foundation/verification/mutation_execution/adapter_report.py",
          "runtime/foundation/verification/mutation_execution/backend_contract_report.py",
          "runtime/foundation/verification/mutation_execution/backend_interface.py",
          "runtime/foundation/verification/mutation_execution/cache.py",
          "runtime/foundation/verification/mutation_execution/cache_report.py",
          "runtime/foundation/verification/mutation_execution/config_fingerprint.py",
          "runtime/foundation/verification/mutation_execution/domain_model.py",
          "runtime/foundation/verification/mutation_execution/domain_model_report.py",
          "runtime/foundation/verification/mutation_execution/evidence.py",
          "runtime/foundation/verification/mutation_execution/final_certification.py",
          "runtime/foundation/verification/mutation_execution/forensics.py",
          "runtime/foundation/verification/mutation_execution/health.py",
          "runtime/foundation/verification/mutation_execution/isolation_report.py",
          "runtime/foundation/verification/mutation_execution/mutmut_adapter.py",
          "runtime/foundation/verification/mutation_execution/orchestrator.py",
          "runtime/foundation/verification/mutation_execution/reliability_report.py",
          "runtime/foundation/verification/mutation_execution/verify_result.py",
          "runtime/foundation/verification/mutation_execution/workspace.py",
          "runtime/foundation/verification/mutation_execution/workspace_report.py",
          "runtime/foundation/verification/mutation_inventory.py",
          "runtime/foundation/verification/mutation_result_unified.py",
          "runtime/foundation/verification/mutation_runner.py",
          "runtime/foundation/verification/obligation.py",
          "runtime/foundation/verification/obligation_reconciliation.py",
          "runtime/foundation/verification/operational_cli.py",
          "runtime/foundation/verification/orchestration/__init__.py",
          "runtime/foundation/verification/orchestrator.py",
          "runtime/foundation/verification/parallel_executor.py",
          "runtime/foundation/verification/pipeline_enforcement.py",
          "runtime/foundation/verification/planner/__init__.py",
          "runtime/foundation/verification/planner/impact_rules.py",
          "runtime/foundation/verification/planner/plan_models.py",
          "runtime/foundation/verification/planner/planner.py",
          "runtime/foundation/verification/product-support.md",
          "runtime/foundation/verification/profiles.py",
          "runtime/foundation/verification/reconciliation.py",
          "runtime/foundation/verification/registry/__init__.py",
          "runtime/foundation/verification/registry/registry.py",
          "runtime/foundation/verification/regression.py",
          "runtime/foundation/verification/regression_detector.py",
          "runtime/foundation/verification/route_authority.py",
          "runtime/foundation/verification/runtime.py",
          "runtime/foundation/verification/scenario_harness.py",
          "runtime/foundation/verification/semantics/__init__.py",
          "runtime/foundation/verification/semantics/assertions.py",
          "runtime/foundation/verification/semantics/blast_radius.py",
          "runtime/foundation/verification/semantics/concepts.py",
          "runtime/foundation/verification/semantics/parser.py",
          "runtime/foundation/verification/shared_impact.py",
          "runtime/foundation/verification/strengthening.py",
          "runtime/foundation/verification/strengthening_integration.py",
          "runtime/foundation/verification/strengthening_pipeline.py",
          "runtime/foundation/verification/structured_logging.py",
          "runtime/foundation/verification/survivor_catalog.py",
          "runtime/foundation/verification/survivor_intel.py",
          "runtime/foundation/verification/symbol_resolver.py",
          "runtime/foundation/verification/symbol_test_selector.py",
          "runtime/foundation/verification/test_cache_invalidation.py",
          "runtime/foundation/verification/test_command_consolidation.py",
          "runtime/foundation/verification/test_convergence_loop.py",
          "runtime/foundation/verification/test_false_certification_audit.py",
          "runtime/foundation/verification/test_generator.py",
          "runtime/foundation/verification/test_quality.py",
          "runtime/foundation/verification/test_strengthening_pipeline.py",
          "runtime/foundation/verification/tier.py",
          "runtime/foundation/verification/totals.py",
          "runtime/foundation/verification/typescript_symbol_resolver.py",
          "runtime/foundation/verification/typescript_symbol_resolver.ts",
          "runtime/foundation/verification/validation/__init__.py",
          "runtime/foundation/verification/validation/validator.py",
          "runtime/foundation/verification/verification.yaml",
          "runtime/foundation/verification/verification_contract.py",
          "runtime/foundation/verification/workflow_convergence.py",
          "runtime/foundation/verification/workflow_convergence/__init__.py",
          "runtime/foundation/verification/workflow_convergence/artifacts.py",
          "runtime/foundation/verification/workflow_convergence/bypass.py",
          "runtime/foundation/verification/workflow_convergence/c53_integration.py",
          "runtime/foundation/verification/workflow_convergence/certification_gates.py",
          "runtime/foundation/verification/workflow_convergence/core.py",
          "runtime/foundation/verification/workflow_convergence/coverage.py",
          "runtime/foundation/verification/workflow_convergence/duplication.py",
          "runtime/foundation/verification/workflow_convergence/efficiency.py",
          "runtime/foundation/verification/workflow_convergence/emission.py",
          "runtime/foundation/verification/workflow_convergence/environment.py",
          "runtime/foundation/verification/workflow_convergence/equivalence.py",
          "runtime/foundation/verification/workflow_convergence/evidence_contract.py",
          "runtime/foundation/verification/workflow_convergence/failure_injection.py",
          "runtime/foundation/verification/workflow_convergence/failure_semantics.py",
          "runtime/foundation/verification/workflow_convergence/greenness.py",
          "runtime/foundation/verification/workflow_convergence/inventory.py",
          "runtime/foundation/verification/workflow_convergence/mapping.py",
          "runtime/foundation/verification/workflow_convergence/measurement_integrity.py",
          "runtime/foundation/verification/workflow_convergence/scenarios.py",
          "runtime/foundation/workspace/dependencies.py",
          "runtime/foundation/workspace/formatter.py",
          "runtime/foundation/workspace/history.py",
          "runtime/foundation/workspace/metrics.py",
          "runtime/foundation/workspace/status.py",
          "runtime/foundation/workspace/verification.py",
          "runtime/foundation/workspace/workspace.py",
          "\"runtime/generated/m9-c42.21/survivors/core_domain_money/core.domain.money.x\\307\\201Money\\307\\201__format____mutmut_2.diff\"",
          "\"runtime/generated/m9-c42.21/survivors/core_domain_money/core.domain.money.x\\307\\201Money\\307\\201__format____mutmut_3.diff\"",
          "\"runtime/generated/m9-c42.21/survivors/core_domain_money/core.domain.money.x\\307\\201Money\\307\\201__format____mutmut_7.diff\"",
          "\"runtime/generated/m9-c42.21/survivors/core_domain_money/core.domain.money.x\\307\\201Money\\307\\201__format____mutmut_8.diff\"",
          "\"runtime/generated/m9-c42.21/survivors/core_domain_money/core.domain.money.x\\307\\201Money\\307\\201__gt____mutmut_2.diff\"",
          "\"runtime/generated/m9-c42.21/survivors/core_domain_money/core.domain.money.x\\307\\201Money\\307\\201__init____mutmut_3.diff\"",
          "\"runtime/generated/m9-c42.21/survivors/core_domain_money/core.domain.money.x\\307\\201Money\\307\\201__lt____mutmut_2.diff\"",
          "\"runtime/generated/m9-c42.21/survivors/core_domain_money/core.domain.money.x\\307\\201Money\\307\\201__str____mutmut_2.diff\"",
          "\"runtime/generated/m9-c42.21/survivors/core_domain_money/core.domain.money.x\\307\\201Money\\307\\201__str____mutmut_3.diff\"",
          "\"runtime/generated/m9-c42.21/survivors/core_domain_money/core.domain.money.x\\307\\201Money\\307\\201add__mutmut_3.diff\"",
          "\"runtime/generated/m9-c42.21/survivors/core_domain_money/core.domain.money.x\\307\\201Money\\307\\201compare__mutmut_3.diff\"",
          "\"runtime/generated/m9-c42.21/survivors/core_domain_money/core.domain.money.x\\307\\201Money\\307\\201divide__mutmut_3.diff\"",
          "\"runtime/generated/m9-c42.21/survivors/core_domain_money/core.domain.money.x\\307\\201Money\\307\\201divide__mutmut_7.diff\"",
          "\"runtime/generated/m9-c42.21/survivors/core_domain_money/core.domain.money.x\\307\\201Money\\307\\201is_positive__mutmut_2.diff\"",
          "\"runtime/generated/m9-c42.21/survivors/core_domain_money/core.domain.money.x\\307\\201Money\\307\\201multiply__mutmut_3.diff\"",
          "\"runtime/generated/m9-c42.21/survivors/core_domain_money/core.domain.money.x\\307\\201Money\\307\\201percentage__mutmut_3.diff\"",
          "\"runtime/generated/m9-c42.21/survivors/core_domain_money/core.domain.money.x\\307\\201Money\\307\\201percentage__mutmut_8.diff\"",
          "\"runtime/generated/m9-c42.21/survivors/core_domain_money/core.domain.money.x\\307\\201Money\\307\\201subtract__mutmut_3.diff\"",
          "\"runtime/generated/m9-c42.21/survivors/recommendation_engine/engines.recommendation_engine.recommendations.x\\307\\201Recommendation\\307\\201__init____mutmut_5.diff\"",
          "runtime/platform/__init__.py",
          "runtime/platform/ai/__init__.py",
          "runtime/platform/ai/agents.py",
          "runtime/platform/ai/config.py",
          "runtime/platform/ai/context/__init__.py",
          "runtime/platform/ai/context/builder.py",
          "runtime/platform/ai/context/cache.py",
          "runtime/platform/ai/context/provenance.py",
          "runtime/platform/ai/context/ranker.py",
          "runtime/platform/ai/context/serializer.py",
          "runtime/platform/ai/context/trimmer.py",
          "runtime/platform/ai/intent.py",
          "runtime/platform/ai/memory.py",
          "runtime/platform/ai/orchestrator.py",
          "runtime/platform/ai/planner.py",
          "runtime/platform/ai/policy.py",
          "runtime/platform/ai/providers/__init__.py",
          "runtime/platform/ai/providers/base.py",
          "runtime/platform/ai/providers/local.py",
          "runtime/platform/ai/providers/router.py",
          "runtime/platform/ai/runs.py",
          "runtime/platform/ai/tools/__init__.py",
          "runtime/platform/ai/tools/handlers.py",
          "runtime/platform/api/__init__.py",
          "runtime/platform/api/contracts/__init__.py",
          "runtime/platform/api/contracts/_primitives.py",
          "runtime/platform/api/contracts/ai.py",
          "runtime/platform/api/contracts/application.py",
          "runtime/platform/api/contracts/architecture.py",
          "runtime/platform/api/contracts/capabilities.py",
          "runtime/platform/api/contracts/change.py",
          "runtime/platform/api/contracts/context.py",
          "runtime/platform/api/contracts/diagnostics.py",
          "runtime/platform/api/contracts/errors.py",
          "runtime/platform/api/contracts/events.py",
          "runtime/platform/api/contracts/evidence.py",
          "runtime/platform/api/contracts/executions.py",
          "runtime/platform/api/contracts/framework_integrity.py",
          "runtime/platform/api/contracts/health.py",
          "runtime/platform/api/contracts/history.py",
          "runtime/platform/api/contracts/tasks.py",
          "runtime/platform/api/contracts/verification.py",
          "runtime/platform/api/envelope.py",
          "runtime/platform/api/errors.py",
          "runtime/platform/api/identity.py",
          "runtime/platform/api/services/__init__.py",
          "runtime/platform/api/services/_comparison.py",
          "runtime/platform/api/services/_helpers.py",
          "runtime/platform/api/services/application.py",
          "runtime/platform/api/services/architecture.py",
          "runtime/platform/api/services/capabilities.py",
          "runtime/platform/api/services/change.py",
          "runtime/platform/api/services/cross_layer.py",
          "runtime/platform/api/services/errors.py",
          "runtime/platform/api/services/events.py",
          "runtime/platform/api/services/evidence.py",
          "runtime/platform/api/services/executions.py",
          "runtime/platform/api/services/framework_integrity.py",
          "runtime/platform/api/services/health.py",
          "runtime/platform/api/services/history.py",
          "runtime/platform/api/services/tasks.py",
          "runtime/platform/api/services/tasks_write.py",
          "runtime/platform/api/services/verification.py",
          "runtime/platform/api/services/verification_write.py",
          "runtime/platform/cache.py",
          "runtime/platform/diagnostics/__init__.py",
          "runtime/platform/diagnostics/engine.py",
          "runtime/platform/diagnostics/rules.py",
          "runtime/program16_analysis.py",
          "runtime/runtime/generated/m9-c44/cache/index.json",
          "runtime/system/command/__init__.py",
          "runtime/system/evidence/aggregator.py",
          "runtime/system/evidence/api.py",
          "runtime/system/evidence/api/__init__.py",
          "runtime/system/evidence/cli/cli.py",
          "runtime/system/evidence/collectors/__init__.py",
          "runtime/system/evidence/collectors/base.py",
          "runtime/system/evidence/collectors/contract.py",
          "runtime/system/evidence/collectors/contract_tests.py",
          "runtime/system/evidence/collectors/coverage.py",
          "runtime/system/evidence/collectors/mutation.py",
          "runtime/system/evidence/collectors/property_tests.py",
          "runtime/system/evidence/collectors/test_results.py",
          "runtime/system/evidence/ingestion/pipeline.py",
          "runtime/system/evidence/models/__init__.py",
          "runtime/system/evidence/models/evidence.py",
          "runtime/system/evidence/tests/test_evidence_unification.py",
          "runtime/system/financial/__init__.py",
          "runtime/system/graph/__init__.py",
          "runtime/system/observability/__init__.py",
          "runtime/system/observability/analytics.py",
          "runtime/system/observability/cost_analysis.py",
          "runtime/system/observability/dashboard.py",
          "runtime/system/observability/dependency_growth.py",
          "runtime/system/observability/event_store.py",
          "runtime/system/observability/execution_context.py",
          "runtime/system/observability/flaky_tests.py",
          "runtime/system/observability/health_report.py",
          "runtime/system/observability/outcome.py",
          "runtime/system/observability/repository.py",
          "runtime/system/timeline/__init__.py",
          "runtime/tests/audit_final_freeze.py",
          "runtime/tests/conftest.py",
          "runtime/tests/snapshots/verification-plan.json",
          "runtime/tests/snapshots/verification-report.json",
          "runtime/tests/test_analytics_filtering.py",
          "runtime/tests/test_backend_evidence.py",
          "runtime/tests/test_blast_radius_integration.py",
          "runtime/tests/test_c37_certification_arithmetic.py",
          "runtime/tests/test_c43_test_generator.py",
          "runtime/tests/test_cli_contract.py",
          "runtime/tests/test_concurrent_stress.py",
          "runtime/tests/test_config_consistency.py",
          "runtime/tests/test_cross_layer_planner.py",
          "runtime/tests/test_dead_code_detection.py",
          "runtime/tests/test_dependencies.py",
          "runtime/tests/test_diagnose_failures.py",
          "runtime/tests/test_diagnostics.py",
          "runtime/tests/test_e2e_real_workflow.py",
          "runtime/tests/test_e2e_smoke.py",
          "runtime/tests/test_e4_graph_attribution.py",
          "runtime/tests/test_endpoint_normalization.py",
          "runtime/tests/test_engineering_intelligence.py",
          "runtime/tests/test_evidence_aggregator.py",
          "runtime/tests/test_evidence_cleanup_stress.py",
          "runtime/tests/test_evidence_frontend_units.py",
          "runtime/tests/test_evidence_integrity.py",
          "runtime/tests/test_executor_artifact_persistence.py",
          "runtime/tests/test_f006_configuration_divergence.py",
          "runtime/tests/test_failure_attribution.py",
          "runtime/tests/test_false_negative_rate.py",
          "runtime/tests/test_false_positive_rate.py",
          "runtime/tests/test_frontend_backend_map.py",
          "runtime/tests/test_frontend_backend_sync_deep.py",
          "runtime/tests/test_full_pipeline_integration.py",
          "runtime/tests/test_history.py",
          "runtime/tests/test_history_migration.py",
          "runtime/tests/test_import_integrity.py",
          "runtime/tests/test_import_resolution_canonical.py",
          "runtime/tests/test_integrity_engine.py",
          "runtime/tests/test_integrity_formatter.py",
          "runtime/tests/test_integrity_registry.py",
          "runtime/tests/test_integrity_rules.py",
          "runtime/tests/test_integrity_scanner.py",
          "runtime/tests/test_knowledge_catalog.py",
          "runtime/tests/test_knowledge_formatter.py",
          "runtime/tests/test_knowledge_indexer.py",
          "runtime/tests/test_knowledge_queries.py",
          "runtime/tests/test_knowledge_references.py",
          "runtime/tests/test_large_changeset.py",
          "runtime/tests/test_m9_c42_27.py",
          "runtime/tests/test_m9_c42_28.py",
          "runtime/tests/test_m9_c42_29.py",
          "runtime/tests/test_m9_c42_30.py",
          "runtime/tests/test_m9_c42_31.py",
          "runtime/tests/test_m9_c44_mutation_architecture.py",
          "runtime/tests/test_m9_c48_aggregator_obsolete.py",
          "runtime/tests/test_m9_c48_api_schema_governance.py",
          "runtime/tests/test_m9_c48_capability_authority.py",
          "runtime/tests/test_m9_c48_capability_graph.py",
          "runtime/tests/test_m9_c48_cli_governance.py",
          "runtime/tests/test_m9_c48_coverage_truth.py",
          "runtime/tests/test_m9_c48_frontend_arithmetic.py",
          "runtime/tests/test_m9_c48_function_audit.py",
          "runtime/tests/test_m9_c48_milestone_state.py",
          "runtime/tests/test_m9_c48_mutation_unified.py",
          "runtime/tests/test_m9_c48_test_quality.py",
          "runtime/tests/test_m9_c48_test_strengthening.py",
          "runtime/tests/test_m9_c49.py",
          "runtime/tests/test_m9_c49_canonical_cli.py",
          "runtime/tests/test_m9_c50.py",
          "runtime/tests/test_m9_c50_ci_convergence.py",
          "runtime/tests/test_m9_c50_executor_adapters.py",
          "runtime/tests/test_m9_c50_final_governance.py",
          "runtime/tests/test_m9_c50_operational_lineage.py",
          "runtime/tests/test_m9_c50_operational_validation.py",
          "runtime/tests/test_m9_c50_self_verification.py",
          "runtime/tests/test_m9_c50_stop_gate2_obligation_reconciliation.py",
          "runtime/tests/test_m9_c50_stop_gate3_capability_resolution.py",
          "runtime/tests/test_m9_c50_stop_gate4_execution_completeness.py",
          "runtime/tests/test_m9_c50_stop_gate5_evidence_trust.py",
          "runtime/tests/test_m9_c50_stop_gate6_strengthening_authority.py",
          "runtime/tests/test_m9_c50_stop_gate9_failure_modes.py",
          "runtime/tests/test_m9_c51.py",
          "runtime/tests/test_m9_c52.py",
          "runtime/tests/test_m9_c53.py",
          "runtime/tests/test_m9_c54.py",
          "runtime/tests/test_m9_c55.py",
          "runtime/tests/test_m9c3_verification_gate.py",
          "runtime/tests/test_m9c57_observability_convergence.py",
          "runtime/tests/test_m9c57_outcome_semantic_contract.py",
          "runtime/tests/test_m9c57_verification_self_contract.py",
          "runtime/tests/test_m9c5_gate_topology.py",
          "runtime/tests/test_measurement_truth.py",
          "runtime/tests/test_metrics.py",
          "runtime/tests/test_mutation_edge_cases.py",
          "runtime/tests/test_mutation_infra.py",
          "runtime/tests/test_mutation_inventory.py",
          "runtime/tests/test_o5_frontend_backend_scenarios.py",
          "runtime/tests/test_orchestrator.py",
          "runtime/tests/test_platform_api_phase1.py",
          "runtime/tests/test_platform_api_phase10_12.py",
          "runtime/tests/test_platform_api_phase13.py",
          "runtime/tests/test_platform_api_phase14.py",
          "runtime/tests/test_platform_api_phase15_21.py",
          "runtime/tests/test_platform_api_phase2.py",
          "runtime/tests/test_platform_api_phase7.py",
          "runtime/tests/test_platform_api_phase8.py",
          "runtime/tests/test_platform_api_phase9.py",
          "runtime/tests/test_regression_suite.py",
          "runtime/tests/test_repair.py",
          "runtime/tests/test_risk.py",
          "runtime/tests/test_runtime_performance.py",
          "runtime/tests/test_semantic_diagnostics_e2e.py",
          "runtime/tests/test_snapshots.py",
          "runtime/tests/test_status.py",
          "runtime/tests/test_strengthen_cli.py",
          "runtime/tests/test_survivor_intel.py",
          "runtime/tests/test_symbol_resolution_accuracy.py",
          "runtime/tests/test_symbol_resolution_edge_cases.py",
          "runtime/tests/test_vea5_m5_ci_integration.py",
          "runtime/tests/test_vea5_m6_evidence_contract.py",
          "runtime/tests/test_vea5_m8_merge_enforcement.py",
          "runtime/tests/test_vea5_m8r_cache_observability.py",
          "runtime/tests/test_vea5_m8r_cli_reconcile.py",
          "runtime/tests/test_vea5_m9_security_codeql.py",
          "runtime/tests/test_vea5_plan_reconciliation.py",
          "runtime/tests/test_vea5_tier_plan.py",
          "runtime/tests/test_vea5_verification_cache.py",
          "runtime/tests/test_verification_identity.py",
          "runtime/tests/test_verification_identity_execution.py",
          "runtime/tests/test_verification_module_paths.py",
          "runtime/tests/test_verification_unit_mapping.py",
          "runtime/tests/test_verify_status.py",
          "runtime/tests/test_workspace.py",
          "runtime/verify.py",
          "scripts/bootstrap.sh",
          "scripts/env-doctor.sh",
          "scripts/launch.sh",
          "scripts/verify-fast.sh",
          "scripts/verify.sh",
          "start.bat",
          "start.sh",
          "test-results/.last-run.json",
          "testing/runtime/foundation/verification/test_aggregator.py",
          "testing/runtime/foundation/verification/test_evidence_collectors.py",
          "testing/runtime/foundation/verification/test_plan_models.py",
          "tools/development/check_coverage.py",
          "tools/development/selective_verify.py",
          "tools/development/validation_orchestrator.py",
          "tools/diagnostics/check_mutation_matrix.py",
          "tools/diagnostics/check_paths.py",
          "tools/diagnostics/generate_health_report.py",
          "tools/e2e_seed.py",
          "tools/generators/build_consumer_migration.py",
          "tools/generators/build_cross_layer_map.py",
          "tools/generators/generate_repository_index.py",
          "tools/generators/generate_synthetic_data.py"
        ],
        "primary_source_path": ".github/actions/setup-node-runtime/action.yml"
      },
      "capability": {
        "capability_id": "frontend-e2e",
        "authority": "ControlPlanePlanner",
        "severity": "required",
        "description": ""
      },
      "requirement": {
        "requirement_id": "req-612327196aa9-63",
        "capability_id": "frontend-e2e",
        "obligation_kind": "e2e",
        "rationale": "E2E route change detected: /dashboard, /layout.tsx, /platform, /platform/architecture, /platform/capabilities, /platform/capabilities/[capabilityId], /platform/diagnostics, /platform/diagnostics/change, /platform/diagnostics/detail/[id], /platform/errors, /platform/evidence, /platform/framework, /platform/history, /platform/history/compare, /platform/platform-providers.tsx, /platform/verification, /platform/verification/[capability], /platform/verification/history/[runId], /platform/verification/run/[capability]. Requires 4 E2E test(s).",
        "severity": "required",
        "target": "playwright"
      },
      "disposition": "open",
      "task_id": "task-e2e-0064",
      "evidence": [],
      "reasons": [
        "E2E route change detected: /dashboard, /layout.tsx, /platform, /platform/architecture, /platform/capabilities, /platform/capabilities/[capabilityId], /platform/diagnostics, /platform/diagnostics/change, /platform/diagnostics/detail/[id], /platform/errors, /platform/evidence, /platform/framework, /platform/history, /platform/history/compare, /platform/platform-providers.tsx, /platform/verification, /platform/verification/[capability], /platform/verification/history/[runId], /platform/verification/run/[capability]. Requires 4 E2E test(s)."
      ],
      "created_at": "2026-09-20T10:59:15.666407+00:00",
      "closed_at": null,
      "fingerprint": "b89741a690e8053da86b69acd20725b08137471106626a6a20dbb72c406afc3d"
    }
  ],
  "generated_at": "2026-09-20T10:59:15.673462+00:00",
  "repository_sha": "23e4b66187709b909cea5f84a5f03a8efa8ab320",
  "plan_fingerprint": "612327196aa9",
  "set_fingerprint": "6690faa1192c623c131a00e7983dec154475aec048f053565443b9e0c76a1fff",
  "summary": {
    "total": 64,
    "closed": 0,
    "open": 64,
    "blocked": 0,
    "failed": 0,
    "reused": 0,
    "invalidated": 0
  }
}
